Workbook

Sheet 1 Ангар Склад 2 въезд
A1: День нед | B1: Дата | C1: Время | D1: Событие | E1: Объект | F1: Груз | G1: Кол-во | H1: Примечание | I1: Name | J1: Folder Path | K1: RelativePath | L1: Подпись | M1: Ссылка на фото | N1: Камера
A2: пн | B2: 45971 | C2: 0.49480324 | D2: Выезд с территории | E2: Погрузчик базы | F2: порожний | I2: E33149364_6_20251110T115231Z.jpg | J2: C:\ВИДЕОНАБЛЮДЕНИЕ\1 Ангар Склад 2 въезд\ | K2: 1 Ангар Склад 2 въезд\E33149364_6_20251110T115231Z.jpg | L2: пн 10.11.2025 — 11:52:31 | M2: =HYPERLINK(склад2въезд[[#This Row],[RelativePath]]) -> 1 Ангар Склад 2 въезд\E33149364_6_20251110T115231Z.jpg | N2: =VLOOKUP(склад2въезд[[#This Row],[Name]], СпрСобытий!$F:$G, 2, FALSE) -> Ангар Склад 2 въезд
A3: пн | B3: 45971 | C3: 0.50054398 | D3: Въезд на базу | E3: Легковой с прицепом | F3: порожний | I3: E33149364_6_20251110T120047Z.jpg | J3: C:\ВИДЕОНАБЛЮДЕНИЕ\1 Ангар Склад 2 въезд\ | K3: 1 Ангар Склад 2 въезд\E33149364_6_20251110T120047Z.jpg | L3: пн 10.11.2025 — 12:00:47 | M3: =HYPERLINK(склад2въезд[[#This Row],[RelativePath]]) -> 1 Ангар Склад 2 въезд\E33149364_6_20251110T120047Z.jpg | N3: =VLOOKUP(склад2въезд[[#This Row],[Name]], СпрСобытий!$F:$G, 2, FALSE) -> Ангар Склад 2 въезд
A4: пн | B4: 45971 | C4: 0.50060185 | D4: Въезд на базу | E4: Легковой с прицепом | F4: порожний | I4: E33149364_6_20251110T120052Z.jpg | J4: C:\ВИДЕОНАБЛЮДЕНИЕ\1 Ангар Склад 2 въезд\ | K4: 1 Ангар Склад 2 въезд\E33149364_6_20251110T120052Z.jpg | L4: пн 10.11.2025 — 12:00:52 | M4: =HYPERLINK(склад2въезд[[#This Row],[RelativePath]]) -> 1 Ангар Склад 2 въезд\E33149364_6_20251110T120052Z.jpg | N4: =VLOOKUP(склад2въезд[[#This Row],[Name]], СпрСобытий!$F:$G, 2, FALSE) -> Ангар Склад 2 въезд
A5: пн | B5: 45971 | C5: 0.51984954 | D5: Выезд с территории | E5: Легковой с прицепом | F5: мешки с опилками | G5: 3 | I5: E33149364_6_20251110T122835Z.jpg | J5: C:\ВИДЕОНАБЛЮДЕНИЕ\1 Ангар Склад 2 въезд\ | K5: 1 Ангар Склад 2 въезд\E33149364_6_20251110T122835Z.jpg | L5: пн 10.11.2025 — 12:28:35 | M5: =HYPERLINK(склад2въезд[[#This Row],[RelativePath]]) -> 1 Ангар Склад 2 въезд\E33149364_6_20251110T122835Z.jpg | N5: =VLOOKUP(склад2въезд[[#This Row],[Name]], СпрСобытий!$F:$G, 2, FALSE) -> Ангар Склад 2 въезд
A6: пн | B6: 45971 | C6: 0.56978009 | D6: Въезд на базу | E6: Погрузчик базы | F6: доски | I6: E33149364_6_20251110T134029Z.jpg | J6: C:\ВИДЕОНАБЛЮДЕНИЕ\1 Ангар Склад 2 въезд\ | K6: 1 Ангар Склад 2 въезд\E33149364_6_20251110T134029Z.jpg | L6: пн 10.11.2025 — 13:40:29 | M6: =HYPERLINK(склад2въезд[[#This Row],[RelativePath]]) -> 1 Ангар Склад 2 въезд\E33149364_6_20251110T134029Z.jpg | N6: =VLOOKUP(склад2въезд[[#This Row],[Name]], СпрСобытий!$F:$G, 2, FALSE) -> Ангар Склад 2 въезд
A7: пн | B7: 45971 | C7: 0.57337963 | D7: Выезд с территории | E7: Погрузчик базы | F7: доски | H7: груз один и тот же | I7: E33149364_6_20251110T134540Z.jpg | J7: C:\ВИДЕОНАБЛЮДЕНИЕ\1 Ангар Склад 2 въезд\ | K7: 1 Ангар Склад 2 въезд\E33149364_6_20251110T134540Z.jpg | L7: пн 10.11.2025 — 13:45:40 | M7: =HYPERLINK(склад2въезд[[#This Row],[RelativePath]]) -> 1 Ангар Склад 2 въезд\E33149364_6_20251110T134540Z.jpg | N7: =VLOOKUP(склад2въезд[[#This Row],[Name]], СпрСобытий!$F:$G, 2, FALSE) -> Ангар Склад 2 въезд
A8: пн | B8: 45971 | C8: 0.60597222 | D8: Въезд на базу | E8: Погрузчик базы | F8: доски | H8: груз один и тот же | I8: E33149364_6_20251110T143236Z.jpg | J8: C:\ВИДЕОНАБЛЮДЕНИЕ\1 Ангар Склад 2 въезд\ | K8: 1 Ангар Склад 2 въезд\E33149364_6_20251110T143236Z.jpg | L8: пн 10.11.2025 — 14:32:36 | M8: =HYPERLINK(склад2въезд[[#This Row],[RelativePath]]) -> 1 Ангар Склад 2 въезд\E33149364_6_20251110T143236Z.jpg | N8: =VLOOKUP(склад2въезд[[#This Row],[Name]], СпрСобытий!$F:$G, 2, FALSE) -> Ангар Склад 2 въезд
A9: вт | B9: 45972 | C9: 0.39128472 | D9: Въезд на базу | E9: Погрузчик, желтый | F9: порожний | I9: E33149364_6_20251111T092327Z.jpg | J9: C:\ВИДЕОНАБЛЮДЕНИЕ\1 Ангар Склад 2 въезд\ | K9: 1 Ангар Склад 2 въезд\E33149364_6_20251111T092327Z.jpg | L9: вт 11.11.2025 — 09:23:27 | M9: =HYPERLINK(склад2въезд[[#This Row],[RelativePath]]) -> 1 Ангар Склад 2 въезд\E33149364_6_20251111T092327Z.jpg | N9: =VLOOKUP(склад2въезд[[#This Row],[Name]], СпрСобытий!$F:$G, 2, FALSE) -> Ангар Склад 2 въезд
A10: вт | B10: 45972 | C10: 0.44765046 | D10: Выезд с территории | E10: Погрузчик, желтый | F10: бревна со сруба | I10: E33149364_6_20251111T104437Z.jpg | J10: C:\ВИДЕОНАБЛЮДЕНИЕ\1 Ангар Склад 2 въезд\ | K10: 1 Ангар Склад 2 въезд\E33149364_6_20251111T104437Z.jpg | L10: вт 11.11.2025 — 10:44:37 | M10: =HYPERLINK(склад2въезд[[#This Row],[RelativePath]]) -> 1 Ангар Склад 2 въезд\E33149364_6_20251111T104437Z.jpg | N10: =VLOOKUP(склад2въезд[[#This Row],[Name]], СпрСобытий!$F:$G, 2, FALSE) -> Ангар Склад 2 въезд
A11: вт | B11: 45972 | C11: 0.44944444 | D11: Въезд на базу | E11: Газель бортовая, синяя кабина | F11: порожний | I11: E33149364_6_20251111T104712Z.jpg | J11: C:\ВИДЕОНАБЛЮДЕНИЕ\1 Ангар Склад 2 въезд\ | K11: 1 Ангар Склад 2 въезд\E33149364_6_20251111T104712Z.jpg | L11: вт 11.11.2025 — 10:47:12 | M11: =HYPERLINK(склад2въезд[[#This Row],[RelativePath]]) -> 1 Ангар Склад 2 въезд\E33149364_6_20251111T104712Z.jpg | N11: =VLOOKUP(склад2въезд[[#This Row],[Name]], СпрСобытий!$F:$G, 2, FALSE) -> Ангар Склад 2 въезд
A12: вт | B12: 45972 | C12: 0.45118056 | D12: Задний ход, въезд на территорию | E12: Газель бортовая, синяя кабина | F12: порожний | I12: E33149364_6_20251111T104942Z.jpg | J12: C:\ВИДЕОНАБЛЮДЕНИЕ\1 Ангар Склад 2 въезд\ | K12: 1 Ангар Склад 2 въезд\E33149364_6_20251111T104942Z.jpg | L12: вт 11.11.2025 — 10:49:42 | M12: =HYPERLINK(склад2въезд[[#This Row],[RelativePath]]) -> 1 Ангар Склад 2 въезд\E33149364_6_20251111T104942Z.jpg | N12: =VLOOKUP(склад2въезд[[#This Row],[Name]], СпрСобытий!$F:$G, 2, FALSE) -> Ангар Склад 2 въезд
A13: вт | B13: 45972 | C13: 0.45136574 | D13: Въезд на второстепенную дорогу | E13: Газель бортовая, синяя кабина | F13: порожний | I13: E33149364_6_20251111T104958Z.jpg | J13: C:\ВИДЕОНАБЛЮДЕНИЕ\1 Ангар Склад 2 въезд\ | K13: 1 Ангар Склад 2 въезд\E33149364_6_20251111T104958Z.jpg | L13: вт 11.11.2025 — 10:49:58 | M13: =HYPERLINK(склад2въезд[[#This Row],[RelativePath]]) -> 1 Ангар Склад 2 въезд\E33149364_6_20251111T104958Z.jpg | N13: =VLOOKUP(склад2въезд[[#This Row],[Name]], СпрСобытий!$F:$G, 2, FALSE) -> Ангар Склад 2 въезд
A14: вт | B14: 45972 | C14: 0.48476852 | D14: Выезд с территории | E14: Газель бортовая, синяя кабина | F14: доски | I14: E33149364_6_20251111T113804Z.jpg | J14: C:\ВИДЕОНАБЛЮДЕНИЕ\1 Ангар Склад 2 въезд\ | K14: 1 Ангар Склад 2 въезд\E33149364_6_20251111T113804Z.jpg | L14: вт 11.11.2025 — 11:38:04 | M14: =HYPERLINK(склад2въезд[[#This Row],[RelativePath]]) -> 1 Ангар Склад 2 въезд\E33149364_6_20251111T113804Z.jpg | N14: =VLOOKUP(склад2въезд[[#This Row],[Name]], СпрСобытий!$F:$G, 2, FALSE) -> Ангар Склад 2 въезд
A15: вт | B15: 45972 | C15: 0.53641204 | D15: Выезд с территории | E15: Погрузчик базы | F15: красные доски, тюки | I15: E33149364_6_20251111T125226Z.jpg | J15: C:\ВИДЕОНАБЛЮДЕНИЕ\1 Ангар Склад 2 въезд\ | K15: 1 Ангар Склад 2 въезд\E33149364_6_20251111T125226Z.jpg | L15: вт 11.11.2025 — 12:52:26 | M15: =HYPERLINK(склад2въезд[[#This Row],[RelativePath]]) -> 1 Ангар Склад 2 въезд\E33149364_6_20251111T125226Z.jpg | N15: =VLOOKUP(склад2въезд[[#This Row],[Name]], СпрСобытий!$F:$G, 2, FALSE) -> Ангар Склад 2 въезд
A16: вт | B16: 45972 | C16: 0.65542824 | D16: Въезд на базу | E16: Погрузчик базы | F16: порожний | I16: E33149364_6_20251111T154349Z.jpg | J16: C:\ВИДЕОНАБЛЮДЕНИЕ\1 Ангар Склад 2 въезд\ | K16: 1 Ангар Склад 2 въезд\E33149364_6_20251111T154349Z.jpg | L16: вт 11.11.2025 — 15:43:49 | M16: =HYPERLINK(склад2въезд[[#This Row],[RelativePath]]) -> 1 Ангар Склад 2 въезд\E33149364_6_20251111T154349Z.jpg | N16: =VLOOKUP(склад2въезд[[#This Row],[Name]], СпрСобытий!$F:$G, 2, FALSE) -> Ангар Склад 2 въезд
A17: ср | B17: 45973 | C17: 0.6768287 | D17: Въезд на базу | E17: Самосвал красный | F17: не видно, что находится в кузове | I17: E33149364_6_20251112T161438Z.jpg | J17: C:\ВИДЕОНАБЛЮДЕНИЕ\1 Ангар Склад 2 въезд\ | K17: 1 Ангар Склад 2 въезд\E33149364_6_20251112T161438Z.jpg | L17: ср 12.11.2025 — 16:14:38 | M17: =HYPERLINK(склад2въезд[[#This Row],[RelativePath]]) -> 1 Ангар Склад 2 въезд\E33149364_6_20251112T161438Z.jpg | N17: =VLOOKUP(склад2въезд[[#This Row],[Name]], СпрСобытий!$F:$G, 2, FALSE) -> Ангар Склад 2 въезд
A18: ср | B18: 45973 | C18: 0.71020833 | D18: Выезд с территории | E18: Самосвал красный | F18: земля | I18: E33149364_6_20251112T170242Z.jpg | J18: C:\ВИДЕОНАБЛЮДЕНИЕ\1 Ангар Склад 2 въезд\ | K18: 1 Ангар Склад 2 въезд\E33149364_6_20251112T170242Z.jpg | L18: ср 12.11.2025 — 17:02:42 | M18: =HYPERLINK(склад2въезд[[#This Row],[RelativePath]]) -> 1 Ангар Склад 2 въезд\E33149364_6_20251112T170242Z.jpg | N18: =VLOOKUP(склад2въезд[[#This Row],[Name]], СпрСобытий!$F:$G, 2, FALSE) -> Ангар Склад 2 въезд
A19: чт | B19: 45974 | C19: 0.36740741 | D19: Выезд с территории | E19: Погрузчик базы | F19: порожний | I19: E33149364_6_20251113T084904Z.jpg | J19: C:\ВИДЕОНАБЛЮДЕНИЕ\1 Ангар Склад 2 въезд\ | K19: 1 Ангар Склад 2 въезд\E33149364_6_20251113T084904Z.jpg | L19: чт 13.11.2025 — 08:49:04 | M19: =HYPERLINK(склад2въезд[[#This Row],[RelativePath]]) -> 1 Ангар Склад 2 въезд\E33149364_6_20251113T084904Z.jpg | N19: =VLOOKUP(склад2въезд[[#This Row],[Name]], СпрСобытий!$F:$G, 2, FALSE) -> Ангар Склад 2 въезд
A20: чт | B20: 45974 | C20: 0.37163194 | D20: Въезд на базу | E20: Газель базы | F20: порожний | I20: E33149364_6_20251113T085509Z.jpg | J20: C:\ВИДЕОНАБЛЮДЕНИЕ\1 Ангар Склад 2 въезд\ | K20: 1 Ангар Склад 2 въезд\E33149364_6_20251113T085509Z.jpg | L20: чт 13.11.2025 — 08:55:09 | M20: =HYPERLINK(склад2въезд[[#This Row],[RelativePath]]) -> 1 Ангар Склад 2 въезд\E33149364_6_20251113T085509Z.jpg | N20: =VLOOKUP(склад2въезд[[#This Row],[Name]], СпрСобытий!$F:$G, 2, FALSE) -> Ангар Склад 2 въезд
... A27: пт | B27: 45975 | C27: 0.53131944 | D27: Выезд со второстепенной дороги | E27: Трактор базы | F27: порожний | I27: E33149364_6_20251114T124506Z.jpg | J27: C:\ВИДЕОНАБЛЮДЕНИЕ\1 Ангар Склад 2 въезд\ | K27: 1 Ангар Склад 2 въезд\E33149364_6_20251114T124506Z.jpg | L27: пт 14.11.2025 — 12:45:06 | M27: =HYPERLINK(склад2въезд[[#This Row],[RelativePath]]) -> 1 Ангар Склад 2 въезд\E33149364_6_20251114T124506Z.jpg | N27: =VLOOKUP(склад2въезд[[#This Row],[Name]], СпрСобытий!$F:$G, 2, FALSE) -> Ангар Склад 2 въезд
A28: пт | B28: 45975 | C28: 0.53512731 | D28: Въезд на базу | E28: Трактор базы | F28: шина | G28: 1 | I28: E33149364_6_20251114T125035Z.jpg | J28: C:\ВИДЕОНАБЛЮДЕНИЕ\1 Ангар Склад 2 въезд\ | K28: 1 Ангар Склад 2 въезд\E33149364_6_20251114T125035Z.jpg | L28: пт 14.11.2025 — 12:50:35 | M28: =HYPERLINK(склад2въезд[[#This Row],[RelativePath]]) -> 1 Ангар Склад 2 въезд\E33149364_6_20251114T125035Z.jpg | N28: =VLOOKUP(склад2въезд[[#This Row],[Name]], СпрСобытий!$F:$G, 2, FALSE) -> Ангар Склад 2 въезд
A29: пт | B29: 45975 | C29: 0.53766204 | D29: Выезд с территории | E29: Трактор базы | F29: порожний | I29: E33149364_6_20251114T125414Z.jpg | J29: C:\ВИДЕОНАБЛЮДЕНИЕ\1 Ангар Склад 2 въезд\ | K29: 1 Ангар Склад 2 въезд\E33149364_6_20251114T125414Z.jpg | L29: пт 14.11.2025 — 12:54:14 | M29: =HYPERLINK(склад2въезд[[#This Row],[RelativePath]]) -> 1 Ангар Склад 2 въезд\E33149364_6_20251114T125414Z.jpg | N29: =VLOOKUP(склад2въезд[[#This Row],[Name]], СпрСобытий!$F:$G, 2, FALSE) -> Ангар Склад 2 въезд
A30: пт | B30: 45975 | C30: 0.53960648 | D30: Задний ход, въезд на территорию | E30: Самосвал красный | F30: щебень | G30: 1 | I30: E33149364_6_20251114T125702Z.jpg | J30: C:\ВИДЕОНАБЛЮДЕНИЕ\1 Ангар Склад 2 въезд\ | K30: 1 Ангар Склад 2 въезд\E33149364_6_20251114T125702Z.jpg | L30: пт 14.11.2025 — 12:57:02 | M30: =HYPERLINK(склад2въезд[[#This Row],[RelativePath]]) -> 1 Ангар Склад 2 въезд\E33149364_6_20251114T125702Z.jpg | N30: =VLOOKUP(склад2въезд[[#This Row],[Name]], СпрСобытий!$F:$G, 2, FALSE) -> Ангар Склад 2 въезд
A31: пт | B31: 45975 | C31: 0.54020833 | D31: Въезд на второстепенную дорогу | E31: Трактор базы | F31: шина | G31: 1 | I31: E33149364_6_20251114T125754Z.jpg | J31: C:\ВИДЕОНАБЛЮДЕНИЕ\1 Ангар Склад 2 въезд\ | K31: 1 Ангар Склад 2 въезд\E33149364_6_20251114T125754Z.jpg | L31: пт 14.11.2025 — 12:57:54 | M31: =HYPERLINK(склад2въезд[[#This Row],[RelativePath]]) -> 1 Ангар Склад 2 въезд\E33149364_6_20251114T125754Z.jpg | N31: =VLOOKUP(склад2въезд[[#This Row],[Name]], СпрСобытий!$F:$G, 2, FALSE) -> Ангар Склад 2 въезд
A32: пт | B32: 45975 | C32: 0.54204861 | D32: Выезд с территории | E32: Самосвал красный | F32: порожний | I32: E33149364_6_20251114T130033Z.jpg | J32: C:\ВИДЕОНАБЛЮДЕНИЕ\1 Ангар Склад 2 въезд\ | K32: 1 Ангар Склад 2 въезд\E33149364_6_20251114T130033Z.jpg | L32: пт 14.11.2025 — 13:00:33 | M32: =HYPERLINK(склад2въезд[[#This Row],[RelativePath]]) -> 1 Ангар Склад 2 въезд\E33149364_6_20251114T130033Z.jpg | N32: =VLOOKUP(склад2въезд[[#This Row],[Name]], СпрСобытий!$F:$G, 2, FALSE) -> Ангар Склад 2 въезд
A33: пт | B33: 45975 | C33: 0.55090278 | D33: Задний ход, въезд на территорию | E33: Самосвал красный | F33: щебень | G33: 1 | I33: E33149364_6_20251114T131318Z.jpg | J33: C:\ВИДЕОНАБЛЮДЕНИЕ\1 Ангар Склад 2 въезд\ | K33: 1 Ангар Склад 2 въезд\E33149364_6_20251114T131318Z.jpg | L33: пт 14.11.2025 — 13:13:18 | M33: =HYPERLINK(склад2въезд[[#This Row],[RelativePath]]) -> 1 Ангар Склад 2 въезд\E33149364_6_20251114T131318Z.jpg | N33: =VLOOKUP(склад2въезд[[#This Row],[Name]], СпрСобытий!$F:$G, 2, FALSE) -> Ангар Склад 2 въезд
A34: пт | B34: 45975 | C34: 0.55299769 | D34: Выезд с территории | E34: Самосвал красный | F34: порожний | I34: E33149364_6_20251114T131619Z.jpg | J34: C:\ВИДЕОНАБЛЮДЕНИЕ\1 Ангар Склад 2 въезд\ | K34: 1 Ангар Склад 2 въезд\E33149364_6_20251114T131619Z.jpg | L34: пт 14.11.2025 — 13:16:19 | M34: =HYPERLINK(склад2въезд[[#This Row],[RelativePath]]) -> 1 Ангар Склад 2 въезд\E33149364_6_20251114T131619Z.jpg | N34: =VLOOKUP(склад2въезд[[#This Row],[Name]], СпрСобытий!$F:$G, 2, FALSE) -> Ангар Склад 2 въезд
A35: пт | B35: 45975 | C35: 0.56123843 | D35: Задний ход, въезд на территорию | E35: Самосвал красный | F35: щебень | G35: 1 | I35: E33149364_6_20251114T132811Z.jpg | J35: C:\ВИДЕОНАБЛЮДЕНИЕ\1 Ангар Склад 2 въезд\ | K35: 1 Ангар Склад 2 въезд\E33149364_6_20251114T132811Z.jpg | L35: пт 14.11.2025 — 13:28:11 | M35: =HYPERLINK(склад2въезд[[#This Row],[RelativePath]]) -> 1 Ангар Склад 2 въезд\E33149364_6_20251114T132811Z.jpg | N35: =VLOOKUP(склад2въезд[[#This Row],[Name]], СпрСобытий!$F:$G, 2, FALSE) -> Ангар Склад 2 въезд
A36: пт | B36: 45975 | C36: 0.56293981 | D36: Выезд с территории | E36: Самосвал красный | F36: порожний | I36: E33149364_6_20251114T133038Z.jpg | J36: C:\ВИДЕОНАБЛЮДЕНИЕ\1 Ангар Склад 2 въезд\ | K36: 1 Ангар Склад 2 въезд\E33149364_6_20251114T133038Z.jpg | L36: пт 14.11.2025 — 13:30:38 | M36: =HYPERLINK(склад2въезд[[#This Row],[RelativePath]]) -> 1 Ангар Склад 2 въезд\E33149364_6_20251114T133038Z.jpg | N36: =VLOOKUP(склад2въезд[[#This Row],[Name]], СпрСобытий!$F:$G, 2, FALSE) -> Ангар Склад 2 въезд
A37: пт | B37: 45975 | C37: 0.57114583 | D37: Задний ход, въезд на территорию | E37: Самосвал красный | F37: щебень | G37: 1 | I37: E33149364_6_20251114T134227Z.jpg | J37: C:\ВИДЕОНАБЛЮДЕНИЕ\1 Ангар Склад 2 въезд\ | K37: 1 Ангар Склад 2 въезд\E33149364_6_20251114T134227Z.jpg | L37: пт 14.11.2025 — 13:42:27 | M37: =HYPERLINK(склад2въезд[[#This Row],[RelativePath]]) -> 1 Ангар Склад 2 въезд\E33149364_6_20251114T134227Z.jpg | N37: =VLOOKUP(склад2въезд[[#This Row],[Name]], СпрСобытий!$F:$G, 2, FALSE) -> Ангар Склад 2 въезд
A38: пт | B38: 45975 | C38: 0.5740625 | D38: Выезд с территории | E38: Самосвал красный | F38: порожний | I38: E33149364_6_20251114T134639Z.jpg | J38: C:\ВИДЕОНАБЛЮДЕНИЕ\1 Ангар Склад 2 въезд\ | K38: 1 Ангар Склад 2 въезд\E33149364_6_20251114T134639Z.jpg | L38: пт 14.11.2025 — 13:46:39 | M38: =HYPERLINK(склад2въезд[[#This Row],[RelativePath]]) -> 1 Ангар Склад 2 въезд\E33149364_6_20251114T134639Z.jpg | N38: =VLOOKUP(склад2въезд[[#This Row],[Name]], СпрСобытий!$F:$G, 2, FALSE) -> Ангар Склад 2 въезд
A39: пт | B39: 45975 | C39: 0.60061343 | D39: Въезд на базу | E39: Погрузчик базы | F39: порожний | I39: E33149364_6_20251114T142453Z.jpg | J39: C:\ВИДЕОНАБЛЮДЕНИЕ\1 Ангар Склад 2 въезд\ | K39: 1 Ангар Склад 2 въезд\E33149364_6_20251114T142453Z.jpg | L39: пт 14.11.2025 — 14:24:53 | M39: =HYPERLINK(склад2въезд[[#This Row],[RelativePath]]) -> 1 Ангар Склад 2 въезд\E33149364_6_20251114T142453Z.jpg | N39: =VLOOKUP(склад2въезд[[#This Row],[Name]], СпрСобытий!$F:$G, 2, FALSE) -> Ангар Склад 2 въезд
A40: сб | B40: 45976 | C40: 0.43630787 | D40: Въезд на базу | E40: Легковой с прицепом | F40: какой-то агрегат | I40: E33149364_6_20251115T102817Z.jpg | J40: C:\ВИДЕОНАБЛЮДЕНИЕ\1 Ангар Склад 2 въезд\ | K40: 1 Ангар Склад 2 въезд\E33149364_6_20251115T102817Z.jpg | L40: сб 15.11.2025 — 10:28:17 | M40: =HYPERLINK(склад2въезд[[#This Row],[RelativePath]]) -> 1 Ангар Склад 2 въезд\E33149364_6_20251115T102817Z.jpg | N40: =VLOOKUP(склад2въезд[[#This Row],[Name]], СпрСобытий!$F:$G, 2, FALSE) -> Ангар Склад 2 въезд
A41: сб | B41: 45976 | C41: 0.44349537 | D41: Выезд с территории | E41: Погрузчик базы | F41: какой-то агрегат | I41: E33149364_6_20251115T103838Z.jpg | J41: C:\ВИДЕОНАБЛЮДЕНИЕ\1 Ангар Склад 2 въезд\ | K41: 1 Ангар Склад 2 въезд\E33149364_6_20251115T103838Z.jpg | L41: сб 15.11.2025 — 10:38:38 | M41: =HYPERLINK(склад2въезд[[#This Row],[RelativePath]]) -> 1 Ангар Склад 2 въезд\E33149364_6_20251115T103838Z.jpg | N41: =VLOOKUP(склад2въезд[[#This Row],[Name]], СпрСобытий!$F:$G, 2, FALSE) -> Ангар Склад 2 въезд
A42: сб | B42: 45976 | C42: 0.46813657 | D42: Въезд на базу | E42: Трактор желтый | I42: E33149364_6_20251115T111407Z.jpg | J42: C:\ВИДЕОНАБЛЮДЕНИЕ\1 Ангар Склад 2 въезд\ | K42: 1 Ангар Склад 2 въезд\E33149364_6_20251115T111407Z.jpg | L42: сб 15.11.2025 — 11:14:07 | M42: =HYPERLINK(склад2въезд[[#This Row],[RelativePath]]) -> 1 Ангар Склад 2 въезд\E33149364_6_20251115T111407Z.jpg | N42: =VLOOKUP(склад2въезд[[#This Row],[Name]], СпрСобытий!$F:$G, 2, FALSE) -> Ангар Склад 2 въезд
A43: сб | B43: 45976 | C43: 0.49760417 | D43: Выезд с территории | E43: Трактор желтый | I43: E33149364_6_20251115T115633Z.jpg | J43: C:\ВИДЕОНАБЛЮДЕНИЕ\1 Ангар Склад 2 въезд\ | K43: 1 Ангар Склад 2 въезд\E33149364_6_20251115T115633Z.jpg | L43: сб 15.11.2025 — 11:56:33 | M43: =HYPERLINK(склад2въезд[[#This Row],[RelativePath]]) -> 1 Ангар Склад 2 въезд\E33149364_6_20251115T115633Z.jpg | N43: =VLOOKUP(склад2въезд[[#This Row],[Name]], СпрСобытий!$F:$G, 2, FALSE) -> Ангар Склад 2 въезд
A44: сб | B44: 45976 | C44: 0.6228125 | D44: Въезд на базу | E44: Легковая сторонняя | I44: E33149364_6_20251115T145651Z.jpg | J44: C:\ВИДЕОНАБЛЮДЕНИЕ\1 Ангар Склад 2 въезд\ | K44: 1 Ангар Склад 2 въезд\E33149364_6_20251115T145651Z.jpg | L44: сб 15.11.2025 — 14:56:51 | M44: =HYPERLINK(склад2въезд[[#This Row],[RelativePath]]) -> 1 Ангар Склад 2 въезд\E33149364_6_20251115T145651Z.jpg | N44: =VLOOKUP(склад2въезд[[#This Row],[Name]], СпрСобытий!$F:$G, 2, FALSE) -> Ангар Склад 2 въезд
A45: сб | B45: 45976 | C45: 0.63025463 | D45: Въезд на базу | E45: Погрузчик базы | F45: какой-то агрегат | I45: E33149364_6_20251115T150734Z.jpg | J45: C:\ВИДЕОНАБЛЮДЕНИЕ\1 Ангар Склад 2 въезд\ | K45: 1 Ангар Склад 2 въезд\E33149364_6_20251115T150734Z.jpg | L45: сб 15.11.2025 — 15:07:34 | M45: =HYPERLINK(склад2въезд[[#This Row],[RelativePath]]) -> 1 Ангар Склад 2 въезд\E33149364_6_20251115T150734Z.jpg | N45: =VLOOKUP(склад2въезд[[#This Row],[Name]], СпрСобытий!$F:$G, 2, FALSE) -> Ангар Склад 2 въезд
A46: сб | B46: 45976 | C46: 0.64368056 | D46: Выезд с территории | E46: Легковая сторонняя | I46: E33149364_6_20251115T152654Z.jpg | J46: C:\ВИДЕОНАБЛЮДЕНИЕ\1 Ангар Склад 2 въезд\ | K46: 1 Ангар Склад 2 въезд\E33149364_6_20251115T152654Z.jpg | L46: сб 15.11.2025 — 15:26:54 | M46: =HYPERLINK(склад2въезд[[#This Row],[RelativePath]]) -> 1 Ангар Склад 2 въезд\E33149364_6_20251115T152654Z.jpg | N46: =VLOOKUP(склад2въезд[[#This Row],[Name]], СпрСобытий!$F:$G, 2, FALSE) -> Ангар Склад 2 въезд
A47: сб | B47: 45976 | C47: 0.63765046 | D47: Выезд с территории | E47: Легковой с прицепом | F47: отрезки бревен | I47: E33149364_6_20251115T151813Z.jpg | J47: C:\ВИДЕОНАБЛЮДЕНИЕ\1 Ангар Склад 2 въезд\ | K47: 1 Ангар Склад 2 въезд\E33149364_6_20251115T151813Z.jpg | L47: сб 15.11.2025 — 15:18:13 | M47: =HYPERLINK(склад2въезд[[#This Row],[RelativePath]]) -> 1 Ангар Склад 2 въезд\E33149364_6_20251115T151813Z.jpg | N47: =VLOOKUP(склад2въезд[[#This Row],[Name]], СпрСобытий!$F:$G, 2, FALSE) -> Ангар Склад 2 въезд
A48: пн | B48: 45978 | C48: 0.73159722 | D48: без событий | I48: E33149364_6_20251117T173330Z.jpg | J48: C:\ВИДЕОНАБЛЮДЕНИЕ\1 Ангар Склад 2 въезд\ | K48: 1 Ангар Склад 2 въезд\E33149364_6_20251117T173330Z.jpg | L48: пн 17.11.2025 — 17:33:30 | M48: =HYPERLINK(склад2въезд[[#This Row],[RelativePath]]) -> 1 Ангар Склад 2 въезд\E33149364_6_20251117T173330Z.jpg | N48: =VLOOKUP(склад2въезд[[#This Row],[Name]], СпрСобытий!$F:$G, 2, FALSE) -> Ангар Склад 2 въезд
A49: вт | B49: 45979 | C49: 0.37914352 | D49: Въезд на второстепенную дорогу | E49: Газель базы | F49: порожний | I49: E33149364_6_20251118T090558Z.jpg | J49: C:\ВИДЕОНАБЛЮДЕНИЕ\1 Ангар Склад 2 въезд\ | K49: 1 Ангар Склад 2 въезд\E33149364_6_20251118T090558Z.jpg | L49: вт 18.11.2025 — 09:05:58 | M49: =HYPERLINK(склад2въезд[[#This Row],[RelativePath]]) -> 1 Ангар Склад 2 въезд\E33149364_6_20251118T090558Z.jpg | N49: =VLOOKUP(склад2въезд[[#This Row],[Name]], СпрСобытий!$F:$G, 2, FALSE) -> Ангар Склад 2 въезд
A50: вт | B50: 45979 | C50: 0.40402778 | D50: Выезд с территории | E50: Газель базы | F50: доски | I50: E33149364_6_20251118T094148Z.jpg | J50: C:\ВИДЕОНАБЛЮДЕНИЕ\1 Ангар Склад 2 въезд\ | K50: 1 Ангар Склад 2 въезд\E33149364_6_20251118T094148Z.jpg | L50: вт 18.11.2025 — 09:41:48 | M50: =HYPERLINK(склад2въезд[[#This Row],[RelativePath]]) -> 1 Ангар Склад 2 въезд\E33149364_6_20251118T094148Z.jpg | N50: =VLOOKUP(склад2въезд[[#This Row],[Name]], СпрСобытий!$F:$G, 2, FALSE) -> Ангар Склад 2 въезд
A51: вт | B51: 45979 | C51: 0.43164352 | D51: Въезд на второстепенную дорогу | E51: Грузовая бортовая | F51: металлические балки | I51: E33149364_6_20251118T102134Z.jpg | J51: C:\ВИДЕОНАБЛЮДЕНИЕ\1 Ангар Склад 2 въезд\ | K51: 1 Ангар Склад 2 въезд\E33149364_6_20251118T102134Z.jpg | L51: вт 18.11.2025 — 10:21:34 | M51: =HYPERLINK(склад2въезд[[#This Row],[RelativePath]]) -> 1 Ангар Склад 2 въезд\E33149364_6_20251118T102134Z.jpg | N51: =VLOOKUP(склад2въезд[[#This Row],[Name]], СпрСобытий!$F:$G, 2, FALSE) -> Ангар Склад 2 въезд
A52: вт | B52: 45979 | C52: 0.43486111 | D52: Выезд с территории | E52: Грузовая бортовая | F52: доски, металлические балки | I52: E33149364_6_20251118T102612Z.jpg | J52: C:\ВИДЕОНАБЛЮДЕНИЕ\1 Ангар Склад 2 въезд\ | K52: 1 Ангар Склад 2 въезд\E33149364_6_20251118T102612Z.jpg | L52: вт 18.11.2025 — 10:26:12 | M52: =HYPERLINK(склад2въезд[[#This Row],[RelativePath]]) -> 1 Ангар Склад 2 въезд\E33149364_6_20251118T102612Z.jpg | N52: =VLOOKUP(склад2въезд[[#This Row],[Name]], СпрСобытий!$F:$G, 2, FALSE) -> Ангар Склад 2 въезд
A53: вт | B53: 45979 | C53: 0.60865741 | D53: Выезд с территории | E53: Легковая | F53: доски | I53: E33149364_6_20251118T143628Z.jpg | J53: C:\ВИДЕОНАБЛЮДЕНИЕ\1 Ангар Склад 2 въезд\ | K53: 1 Ангар Склад 2 въезд\E33149364_6_20251118T143628Z.jpg | L53: вт 18.11.2025 — 14:36:28 | M53: =HYPERLINK(склад2въезд[[#This Row],[RelativePath]]) -> 1 Ангар Склад 2 въезд\E33149364_6_20251118T143628Z.jpg | N53: =VLOOKUP(склад2въезд[[#This Row],[Name]], СпрСобытий!$F:$G, 2, FALSE) -> Ангар Склад 2 въезд
A54: ср | B54: 45980 | C54: 0.45783565 | D54: Въезд на второстепенную дорогу | E54: Газель базы | F54: порожний | I54: E33149364_6_20251119T105917Z.jpg | J54: C:\ВИДЕОНАБЛЮДЕНИЕ\1 Ангар Склад 2 въезд\ | K54: 1 Ангар Склад 2 въезд\E33149364_6_20251119T105917Z.jpg | L54: ср 19.11.2025 — 10:59:17 | M54: =HYPERLINK(склад2въезд[[#This Row],[RelativePath]]) -> 1 Ангар Склад 2 въезд\E33149364_6_20251119T105917Z.jpg | N54: =VLOOKUP(склад2въезд[[#This Row],[Name]], СпрСобытий!$F:$G, 2, FALSE) -> Ангар Склад 2 въезд
A55: ср | B55: 45980 | C55: 0.48494213 | D55: Выезд с территории | E55: Газель базы | F55: доски | I55: E33149364_6_20251119T113819Z.jpg | J55: C:\ВИДЕОНАБЛЮДЕНИЕ\1 Ангар Склад 2 въезд\ | K55: 1 Ангар Склад 2 въезд\E33149364_6_20251119T113819Z.jpg | L55: ср 19.11.2025 — 11:38:19 | M55: =HYPERLINK(склад2въезд[[#This Row],[RelativePath]]) -> 1 Ангар Склад 2 въезд\E33149364_6_20251119T113819Z.jpg | N55: =VLOOKUP(склад2въезд[[#This Row],[Name]], СпрСобытий!$F:$G, 2, FALSE) -> Ангар Склад 2 въезд
A56: ср | B56: 45980 | C56: 0.49100694 | D56: Въезд на базу | E56: Легковая сторонняя | I56: E33149364_6_20251119T114703Z.jpg | J56: C:\ВИДЕОНАБЛЮДЕНИЕ\1 Ангар Склад 2 въезд\ | K56: 1 Ангар Склад 2 въезд\E33149364_6_20251119T114703Z.jpg | L56: ср 19.11.2025 — 11:47:03 | M56: =HYPERLINK(склад2въезд[[#This Row],[RelativePath]]) -> 1 Ангар Склад 2 въезд\E33149364_6_20251119T114703Z.jpg | N56: =VLOOKUP(склад2въезд[[#This Row],[Name]], СпрСобытий!$F:$G, 2, FALSE) -> Ангар Склад 2 въезд
A57: ср | B57: 45980 | C57: 0.49490741 | D57: Выезд с территории | E57: Легковая сторонняя | I57: E33149364_6_20251119T115240Z.jpg | J57: C:\ВИДЕОНАБЛЮДЕНИЕ\1 Ангар Склад 2 въезд\ | K57: 1 Ангар Склад 2 въезд\E33149364_6_20251119T115240Z.jpg | L57: ср 19.11.2025 — 11:52:40 | M57: =HYPERLINK(склад2въезд[[#This Row],[RelativePath]]) -> 1 Ангар Склад 2 въезд\E33149364_6_20251119T115240Z.jpg | N57: =VLOOKUP(склад2въезд[[#This Row],[Name]], СпрСобытий!$F:$G, 2, FALSE) -> Ангар Склад 2 въезд
A58: чт | B58: 45981 | C58: 0.70107639 | D58: без событий | I58: E33149364_6_20251120T164933Z.jpg | J58: C:\ВИДЕОНАБЛЮДЕНИЕ\1 Ангар Склад 2 въезд\ | K58: 1 Ангар Склад 2 въезд\E33149364_6_20251120T164933Z.jpg | L58: чт 20.11.2025 — 16:49:33 | M58: =HYPERLINK(склад2въезд[[#This Row],[RelativePath]]) -> 1 Ангар Склад 2 въезд\E33149364_6_20251120T164933Z.jpg | N58: =VLOOKUP(склад2въезд[[#This Row],[Name]], СпрСобытий!$F:$G, 2, FALSE) -> Ангар Склад 2 въезд
A59: пт | B59: 45982 | C59: 0.45726852 | D59: Въезд на базу | E59: Газель базы | I59: E33149364_6_20251121T105828Z.jpg | J59: C:\ВИДЕОНАБЛЮДЕНИЕ\1 Ангар Склад 2 въезд\ | K59: 1 Ангар Склад 2 въезд\E33149364_6_20251121T105828Z.jpg | L59: пт 21.11.2025 — 10:58:28 | M59: =HYPERLINK(склад2въезд[[#This Row],[RelativePath]]) -> 1 Ангар Склад 2 въезд\E33149364_6_20251121T105828Z.jpg | N59: =VLOOKUP(склад2въезд[[#This Row],[Name]], СпрСобытий!$F:$G, 2, FALSE) -> Ангар Склад 2 въезд
A60: пт | B60: 45982 | C60: 0.45888889 | D60: Выезд с территории | E60: Газель базы | H60: без погрузки | I60: E33149364_6_20251121T110048Z.jpg | J60: C:\ВИДЕОНАБЛЮДЕНИЕ\1 Ангар Склад 2 въезд\ | K60: 1 Ангар Склад 2 въезд\E33149364_6_20251121T110048Z.jpg | L60: пт 21.11.2025 — 11:00:48 | M60: =HYPERLINK(склад2въезд[[#This Row],[RelativePath]]) -> 1 Ангар Склад 2 въезд\E33149364_6_20251121T110048Z.jpg | N60: =VLOOKUP(склад2въезд[[#This Row],[Name]], СпрСобытий!$F:$G, 2, FALSE) -> Ангар Склад 2 въезд
A61: сб | B61: 45983 | C61: 0.5816088 | D61: без событий | I61: E33149364_6_20251122T135731Z.jpg | J61: C:\ВИДЕОНАБЛЮДЕНИЕ\1 Ангар Склад 2 въезд\ | K61: 1 Ангар Склад 2 въезд\E33149364_6_20251122T135731Z.jpg | L61: сб 22.11.2025 — 13:57:31 | M61: =HYPERLINK(склад2въезд[[#This Row],[RelativePath]]) -> 1 Ангар Склад 2 въезд\E33149364_6_20251122T135731Z.jpg | N61: =VLOOKUP(склад2въезд[[#This Row],[Name]], СпрСобытий!$F:$G, 2, FALSE) -> Ангар Склад 2 въезд
A62: вс | B62: 45984 | C62: 0.65685185 | D62: без событий | I62: E33149364_6_20251123T154552Z.jpg | J62: C:\ВИДЕОНАБЛЮДЕНИЕ\1 Ангар Склад 2 въезд\ | K62: 1 Ангар Склад 2 въезд\E33149364_6_20251123T154552Z.jpg | L62: вс 23.11.2025 — 15:45:52 | M62: =HYPERLINK(склад2въезд[[#This Row],[RelativePath]]) -> 1 Ангар Склад 2 въезд\E33149364_6_20251123T154552Z.jpg | N62: =VLOOKUP(склад2въезд[[#This Row],[Name]], СпрСобытий!$F:$G, 2, FALSE) -> Ангар Склад 2 въезд
A63: пн | B63: 45985 | C63: 0.56336806 | D63: Въезд на базу | E63: Газель базы | I63: E33149364_6_20251124T133115Z.jpg | J63: C:\ВИДЕОНАБЛЮДЕНИЕ\1 Ангар Склад 2 въезд\ | K63: 1 Ангар Склад 2 въезд\E33149364_6_20251124T133115Z.jpg | L63: пн 24.11.2025 — 13:31:15 | M63: =HYPERLINK(склад2въезд[[#This Row],[RelativePath]]) -> 1 Ангар Склад 2 въезд\E33149364_6_20251124T133115Z.jpg | N63: =VLOOKUP(склад2въезд[[#This Row],[Name]], СпрСобытий!$F:$G, 2, FALSE) -> Ангар Склад 2 въезд
A64: пн | B64: 45985 | C64: 0.56994213 | D64: Выезд с территории | E64: Газель базы | I64: E33149364_6_20251124T134043Z.jpg | J64: C:\ВИДЕОНАБЛЮДЕНИЕ\1 Ангар Склад 2 въезд\ | K64: 1 Ангар Склад 2 въезд\E33149364_6_20251124T134043Z.jpg | L64: пн 24.11.2025 — 13:40:43 | M64: =HYPERLINK(склад2въезд[[#This Row],[RelativePath]]) -> 1 Ангар Склад 2 въезд\E33149364_6_20251124T134043Z.jpg | N64: =VLOOKUP(склад2въезд[[#This Row],[Name]], СпрСобытий!$F:$G, 2, FALSE) -> Ангар Склад 2 въезд
A65: пн | B65: 45985 | C65: 0.70803241 | D65: Выход с территории | E65: Сотрудник | F65: доска | I65: E33149364_6_20251124T165934Z.jpg | J65: C:\ВИДЕОНАБЛЮДЕНИЕ\1 Ангар Склад 2 въезд\ | K65: 1 Ангар Склад 2 въезд\E33149364_6_20251124T165934Z.jpg | L65: пн 24.11.2025 — 16:59:34 | M65: =HYPERLINK(склад2въезд[[#This Row],[RelativePath]]) -> 1 Ангар Склад 2 въезд\E33149364_6_20251124T165934Z.jpg | N65: =VLOOKUP(склад2въезд[[#This Row],[Name]], СпрСобытий!$F:$G, 2, FALSE) -> Ангар Склад 2 въезд
A66: пн | B66: 45985 | C66: 0.73373843 | D66: Въезд на базу | E66: Газель базы | F66: доски | I66: E33149364_6_20251124T173635Z.jpg | J66: C:\ВИДЕОНАБЛЮДЕНИЕ\1 Ангар Склад 2 въезд\ | K66: 1 Ангар Склад 2 въезд\E33149364_6_20251124T173635Z.jpg | L66: пн 24.11.2025 — 17:36:35 | M66: =HYPERLINK(склад2въезд[[#This Row],[RelativePath]]) -> 1 Ангар Склад 2 въезд\E33149364_6_20251124T173635Z.jpg | N66: =VLOOKUP(склад2въезд[[#This Row],[Name]], СпрСобытий!$F:$G, 2, FALSE) -> Ангар Склад 2 въезд
A67: пн | B67: 45985 | C67: 0.75811343 | D67: Выезд с территории | E67: Газель базы | F67: порожний | I67: E33149364_6_20251124T181141Z.jpg | J67: C:\ВИДЕОНАБЛЮДЕНИЕ\1 Ангар Склад 2 въезд\ | K67: 1 Ангар Склад 2 въезд\E33149364_6_20251124T181141Z.jpg | L67: пн 24.11.2025 — 18:11:41 | M67: =HYPERLINK(склад2въезд[[#This Row],[RelativePath]]) -> 1 Ангар Склад 2 въезд\E33149364_6_20251124T181141Z.jpg | N67: =VLOOKUP(склад2въезд[[#This Row],[Name]], СпрСобытий!$F:$G, 2, FALSE) -> Ангар Склад 2 въезд
A68: вт | B68: 45986 | C68: 0.64554398 | D68: Въезд на базу | E68: Газель базы | F68: доски | I68: E33149364_6_20251125T152935Z.jpg | J68: C:\ВИДЕОНАБЛЮДЕНИЕ\1 Ангар Склад 2 въезд\ | K68: 1 Ангар Склад 2 въезд\E33149364_6_20251125T152935Z.jpg | L68: вт 25.11.2025 — 15:29:35 | M68: =HYPERLINK(склад2въезд[[#This Row],[RelativePath]]) -> 1 Ангар Склад 2 въезд\E33149364_6_20251125T152935Z.jpg | N68: =VLOOKUP(склад2въезд[[#This Row],[Name]], СпрСобытий!$F:$G, 2, FALSE) -> Ангар Склад 2 въезд
A69: вт | B69: 45986 | C69: 0.64939815 | D69: Задний ход, выезд с территории | E69: Газель базы | F69: доски | I69: E33149364_6_20251125T153508Z.jpg | J69: C:\ВИДЕОНАБЛЮДЕНИЕ\1 Ангар Склад 2 въезд\ | K69: 1 Ангар Склад 2 въезд\E33149364_6_20251125T153508Z.jpg | L69: вт 25.11.2025 — 15:35:08 | M69: =HYPERLINK(склад2въезд[[#This Row],[RelativePath]]) -> 1 Ангар Склад 2 въезд\E33149364_6_20251125T153508Z.jpg | N69: =VLOOKUP(склад2въезд[[#This Row],[Name]], СпрСобытий!$F:$G, 2, FALSE) -> Ангар Склад 2 въезд
A70: вт | B70: 45986 | C70: 0.64962963 | D70: Задний ход, выезд с территории | E70: Газель базы | F70: доски | H70: динамика | I70: E33149364_6_20251125T153528Z.jpg | J70: C:\ВИДЕОНАБЛЮДЕНИЕ\1 Ангар Склад 2 въезд\ | K70: 1 Ангар Склад 2 въезд\E33149364_6_20251125T153528Z.jpg | L70: вт 25.11.2025 — 15:35:28 | M70: =HYPERLINK(склад2въезд[[#This Row],[RelativePath]]) -> 1 Ангар Склад 2 въезд\E33149364_6_20251125T153528Z.jpg | N70: =VLOOKUP(склад2въезд[[#This Row],[Name]], СпрСобытий!$F:$G, 2, FALSE) -> Ангар Склад 2 въезд
A71: ср | B71: 45987 | C71: 0.43335648 | D71: Задний ход, въезд на второстепенную дорогу | E71: Газель фургон, белая кабина, серый тент | F71: порожний | I71: E33149364_6_20251126T102402Z.jpg | J71: C:\ВИДЕОНАБЛЮДЕНИЕ\1 Ангар Склад 2 въезд\ | K71: 1 Ангар Склад 2 въезд\E33149364_6_20251126T102402Z.jpg | L71: ср 26.11.2025 — 10:24:02 | M71: =HYPERLINK(склад2въезд[[#This Row],[RelativePath]]) -> 1 Ангар Склад 2 въезд\E33149364_6_20251126T102402Z.jpg | N71: =VLOOKUP(склад2въезд[[#This Row],[Name]], СпрСобытий!$F:$G, 2, FALSE) -> Ангар Склад 2 въезд
A72: ср | B72: 45987 | C72: 0.45240741 | D72: Выезд со второстепенной дороги | E72: Газель фургон, белая кабина, серый тент | F72: доски | I72: E33149364_6_20251126T105128Z.jpg | J72: C:\ВИДЕОНАБЛЮДЕНИЕ\1 Ангар Склад 2 въезд\ | K72: 1 Ангар Склад 2 въезд\E33149364_6_20251126T105128Z.jpg | L72: ср 26.11.2025 — 10:51:28 | M72: =HYPERLINK(склад2въезд[[#This Row],[RelativePath]]) -> 1 Ангар Склад 2 въезд\E33149364_6_20251126T105128Z.jpg | N72: =VLOOKUP(склад2въезд[[#This Row],[Name]], СпрСобытий!$F:$G, 2, FALSE) -> Ангар Склад 2 въезд
A73: ср | B73: 45987 | C73: 0.4524537 | D73: Въезд на базу | E73: Газель фургон, белая кабина, серый тент | F73: доски | I73: E33149364_6_20251126T105132Z.jpg | J73: C:\ВИДЕОНАБЛЮДЕНИЕ\1 Ангар Склад 2 въезд\ | K73: 1 Ангар Склад 2 въезд\E33149364_6_20251126T105132Z.jpg | L73: ср 26.11.2025 — 10:51:32 | M73: =HYPERLINK(склад2въезд[[#This Row],[RelativePath]]) -> 1 Ангар Склад 2 въезд\E33149364_6_20251126T105132Z.jpg | N73: =VLOOKUP(склад2въезд[[#This Row],[Name]], СпрСобытий!$F:$G, 2, FALSE) -> Ангар Склад 2 въезд
A74: ср | B74: 45987 | C74: 0.45469907 | D74: Выезд с территории | E74: Газель фургон, белая кабина, серый тент | F74: доски | I74: E33149364_6_20251126T105446Z.jpg | J74: C:\ВИДЕОНАБЛЮДЕНИЕ\1 Ангар Склад 2 въезд\ | K74: 1 Ангар Склад 2 въезд\E33149364_6_20251126T105446Z.jpg | L74: ср 26.11.2025 — 10:54:46 | M74: =HYPERLINK(склад2въезд[[#This Row],[RelativePath]]) -> 1 Ангар Склад 2 въезд\E33149364_6_20251126T105446Z.jpg | N74: =VLOOKUP(склад2въезд[[#This Row],[Name]], СпрСобытий!$F:$G, 2, FALSE) -> Ангар Склад 2 въезд
A75: чт | B75: 45988 | C75: 0.50150463 | D75: Задний ход, въезд на второстепенную дорогу | E75: Легковая белая | I75: E33149364_6_20251127T120210Z.jpg | J75: C:\ВИДЕОНАБЛЮДЕНИЕ\1 Ангар Склад 2 въезд\ | K75: 1 Ангар Склад 2 въезд\E33149364_6_20251127T120210Z.jpg | L75: чт 27.11.2025 — 12:02:10 | M75: =HYPERLINK(склад2въезд[[#This Row],[RelativePath]]) -> 1 Ангар Склад 2 въезд\E33149364_6_20251127T120210Z.jpg | N75: =VLOOKUP(склад2въезд[[#This Row],[Name]], СпрСобытий!$F:$G, 2, FALSE) -> Ангар Склад 2 въезд
A76: чт | B76: 45988 | C76: 0.54246528 | D76: Выезд со второстепенной дороги | E76: Легковая белая | I76: E33149364_6_20251127T130109Z.jpg | J76: C:\ВИДЕОНАБЛЮДЕНИЕ\1 Ангар Склад 2 въезд\ | K76: 1 Ангар Склад 2 въезд\E33149364_6_20251127T130109Z.jpg | L76: чт 27.11.2025 — 13:01:09 | M76: =HYPERLINK(склад2въезд[[#This Row],[RelativePath]]) -> 1 Ангар Склад 2 въезд\E33149364_6_20251127T130109Z.jpg | N76: =VLOOKUP(склад2въезд[[#This Row],[Name]], СпрСобытий!$F:$G, 2, FALSE) -> Ангар Склад 2 въезд
A77: пт | B77: 45989 | C77: 0.45510417 | D77: Въезд на второстепенную дорогу | E77: Газель фургон, голубая кабина, серый тент | I77: E33149364_6_20251128T105521Z.jpg | J77: C:\ВИДЕОНАБЛЮДЕНИЕ\1 Ангар Склад 2 въезд\ | K77: 1 Ангар Склад 2 въезд\E33149364_6_20251128T105521Z.jpg | L77: пт 28.11.2025 — 10:55:21 | M77: =HYPERLINK(склад2въезд[[#This Row],[RelativePath]]) -> 1 Ангар Склад 2 въезд\E33149364_6_20251128T105521Z.jpg | N77: =VLOOKUP(склад2въезд[[#This Row],[Name]], СпрСобытий!$F:$G, 2, FALSE) -> Ангар Склад 2 въезд
A78: пт | B78: 45989 | C78: 0.50700231 | D78: Выезд со второстепенной дороги | E78: Газель фургон, голубая кабина, серый тент | I78: E33149364_6_20251128T121005Z.jpg | J78: C:\ВИДЕОНАБЛЮДЕНИЕ\1 Ангар Склад 2 въезд\ | K78: 1 Ангар Склад 2 въезд\E33149364_6_20251128T121005Z.jpg | L78: пт 28.11.2025 — 12:10:05 | M78: =HYPERLINK(склад2въезд[[#This Row],[RelativePath]]) -> 1 Ангар Склад 2 въезд\E33149364_6_20251128T121005Z.jpg | N78: =VLOOKUP(склад2въезд[[#This Row],[Name]], СпрСобытий!$F:$G, 2, FALSE) -> Ангар Склад 2 въезд
A79: сб | B79: 45990 | C79: 0.53762731 | D79: Въезд на базу | E79: Оранжевый КАМАЗ лесовоз с краном | F79: порожний | I79: E33149364_6_20251129T125411Z.jpg | J79: C:\ВИДЕОНАБЛЮДЕНИЕ\1 Ангар Склад 2 въезд\ | K79: 1 Ангар Склад 2 въезд\E33149364_6_20251129T125411Z.jpg | L79: сб 29.11.2025 — 12:54:11 | M79: =HYPERLINK(склад2въезд[[#This Row],[RelativePath]]) -> 1 Ангар Склад 2 въезд\E33149364_6_20251129T125411Z.jpg | N79: =VLOOKUP(склад2въезд[[#This Row],[Name]], СпрСобытий!$F:$G, 2, FALSE) -> Ангар Склад 2 въезд
A80: сб | B80: 45990 | C80: 0.64861111 | D80: Въезд на базу | E80: Синий КАМАЗ бортовой с прицепом | F80: порожний | I80: E33149364_6_20251129T153400Z.jpg | J80: C:\ВИДЕОНАБЛЮДЕНИЕ\1 Ангар Склад 2 въезд\ | K80: 1 Ангар Склад 2 въезд\E33149364_6_20251129T153400Z.jpg | L80: сб 29.11.2025 — 15:34:00 | M80: =HYPERLINK(склад2въезд[[#This Row],[RelativePath]]) -> 1 Ангар Склад 2 въезд\E33149364_6_20251129T153400Z.jpg | N80: =VLOOKUP(склад2въезд[[#This Row],[Name]], СпрСобытий!$F:$G, 2, FALSE) -> Ангар Склад 2 въезд
A81: сб | B81: 45990 | C81: 0.7034375 | D81: Въезд на базу | E81: Оранжевый КАМАЗ лесовоз с краном | F81: бревна сруба | H81: после загрузки убыл по дороге без камеры, поэтому повторно въезжает уже с грузом | I81: E33149364_6_20251129T165257Z.jpg | J81: C:\ВИДЕОНАБЛЮДЕНИЕ\1 Ангар Склад 2 въезд\ | K81: 1 Ангар Склад 2 въезд\E33149364_6_20251129T165257Z.jpg | L81: сб 29.11.2025 — 16:52:57 | M81: =HYPERLINK(склад2въезд[[#This Row],[RelativePath]]) -> 1 Ангар Склад 2 въезд\E33149364_6_20251129T165257Z.jpg | N81: =VLOOKUP(склад2въезд[[#This Row],[Name]], СпрСобытий!$F:$G, 2, FALSE) -> Ангар Склад 2 въезд
A82: сб | B82: 45990 | C82: 0.73475694 | D82: Выезд с территории | E82: Оранжевый КАМАЗ лесовоз с краном | F82: бревна сруба | I82: E33149364_6_20251129T173803Z.jpg | J82: C:\ВИДЕОНАБЛЮДЕНИЕ\1 Ангар Склад 2 въезд\ | K82: 1 Ангар Склад 2 въезд\E33149364_6_20251129T173803Z.jpg | L82: сб 29.11.2025 — 17:38:03 | M82: =HYPERLINK(склад2въезд[[#This Row],[RelativePath]]) -> 1 Ангар Склад 2 въезд\E33149364_6_20251129T173803Z.jpg | N82: =VLOOKUP(склад2въезд[[#This Row],[Name]], СпрСобытий!$F:$G, 2, FALSE) -> Ангар Склад 2 въезд
A83: вс | B83: 45991 | C83: 0.71077546 | D83: Выезд с территории | E83: Погрузчик базы | F83: порожний | I83: E33149364_6_20251130T170331Z.jpg | J83: C:\ВИДЕОНАБЛЮДЕНИЕ\1 Ангар Склад 2 въезд\ | K83: 1 Ангар Склад 2 въезд\E33149364_6_20251130T170331Z.jpg | L83: вс 30.11.2025 — 17:03:31 | M83: =HYPERLINK(склад2въезд[[#This Row],[RelativePath]]) -> 1 Ангар Склад 2 въезд\E33149364_6_20251130T170331Z.jpg | N83: =VLOOKUP(склад2въезд[[#This Row],[Name]], СпрСобытий!$F:$G, 2, FALSE) -> Ангар Склад 2 въезд
A84: вс | B84: 45991 | C84: 0.75631944 | D84: Въезд на базу | E84: Погрузчик базы | F84: порожний | I84: E33149364_6_20251130T180906Z.jpg | J84: C:\ВИДЕОНАБЛЮДЕНИЕ\1 Ангар Склад 2 въезд\ | K84: 1 Ангар Склад 2 въезд\E33149364_6_20251130T180906Z.jpg | L84: вс 30.11.2025 — 18:09:06 | M84: =HYPERLINK(склад2въезд[[#This Row],[RelativePath]]) -> 1 Ангар Склад 2 въезд\E33149364_6_20251130T180906Z.jpg | N84: =VLOOKUP(склад2въезд[[#This Row],[Name]], СпрСобытий!$F:$G, 2, FALSE) -> Ангар Склад 2 въезд
A85: пн | B85: 45992 | C85: 0.86784722 | D85: Въезд на базу | E85: Оранжевый КАМАЗ лесовоз с краном | F85: груженный | H85: груз не видно | I85: E33149364_6_20251201T204942Z.jpg | J85: C:\ВИДЕОНАБЛЮДЕНИЕ\1 Ангар Склад 2 въезд\ | K85: 1 Ангар Склад 2 въезд\E33149364_6_20251201T204942Z.jpg | L85: пн 01.12.2025 — 20:49:42 | M85: =HYPERLINK(склад2въезд[[#This Row],[RelativePath]]) -> 1 Ангар Склад 2 въезд\E33149364_6_20251201T204942Z.jpg | N85: =VLOOKUP(склад2въезд[[#This Row],[Name]], СпрСобытий!$F:$G, 2, FALSE) -> Ангар Склад 2 въезд
A86: пн | B86: 45992 | C86: 0.87302083 | D86: Выезд с территории | E86: Оранжевый КАМАЗ лесовоз с краном | F86: порожний | H86: разгрузка была у офиса | I86: E33149364_6_20251201T205709Z.jpg | J86: C:\ВИДЕОНАБЛЮДЕНИЕ\1 Ангар Склад 2 въезд\ | K86: 1 Ангар Склад 2 въезд\E33149364_6_20251201T205709Z.jpg | L86: пн 01.12.2025 — 20:57:09 | M86: =HYPERLINK(склад2въезд[[#This Row],[RelativePath]]) -> 1 Ангар Склад 2 въезд\E33149364_6_20251201T205709Z.jpg | N86: =VLOOKUP(склад2въезд[[#This Row],[Name]], СпрСобытий!$F:$G, 2, FALSE) -> Ангар Склад 2 въезд
A87: вт | B87: 45993 | C87: 0.35591435 | D87: Въезд на базу | E87: Газель базы | F87: неизвестно | I87: E33149364_6_20251202T083231Z.jpg | J87: C:\ВИДЕОНАБЛЮДЕНИЕ\1 Ангар Склад 2 въезд\ | K87: 1 Ангар Склад 2 въезд\E33149364_6_20251202T083231Z.jpg | L87: вт 02.12.2025 — 08:32:31 | M87: =HYPERLINK(склад2въезд[[#This Row],[RelativePath]]) -> 1 Ангар Склад 2 въезд\E33149364_6_20251202T083231Z.jpg | N87: =VLOOKUP(склад2въезд[[#This Row],[Name]], СпрСобытий!$F:$G, 2, FALSE) -> Ангар Склад 2 въезд
A88: вт | B88: 45993 | C88: 0.35994213 | D88: Выезд с территории | E88: Газель базы | F88: неизвестно | I88: E33149364_6_20251202T083819Z.jpg | J88: C:\ВИДЕОНАБЛЮДЕНИЕ\1 Ангар Склад 2 въезд\ | K88: 1 Ангар Склад 2 въезд\E33149364_6_20251202T083819Z.jpg | L88: вт 02.12.2025 — 08:38:19 | M88: =HYPERLINK(склад2въезд[[#This Row],[RelativePath]]) -> 1 Ангар Склад 2 въезд\E33149364_6_20251202T083819Z.jpg | N88: =VLOOKUP(склад2въезд[[#This Row],[Name]], СпрСобытий!$F:$G, 2, FALSE) -> Ангар Склад 2 въезд
A89: вт | B89: 45993 | C89: 0.38383102 | D89: Въезд на базу | E89: Газель базы | F89: неизвестно | I89: E33149364_6_20251202T091243Z.jpg | J89: C:\ВИДЕОНАБЛЮДЕНИЕ\1 Ангар Склад 2 въезд\ | K89: 1 Ангар Склад 2 въезд\E33149364_6_20251202T091243Z.jpg | L89: вт 02.12.2025 — 09:12:43 | M89: =HYPERLINK(склад2въезд[[#This Row],[RelativePath]]) -> 1 Ангар Склад 2 въезд\E33149364_6_20251202T091243Z.jpg | N89: =VLOOKUP(склад2въезд[[#This Row],[Name]], СпрСобытий!$F:$G, 2, FALSE) -> Ангар Склад 2 въезд
A90: вт | B90: 45993 | C90: 0.40912037 | D90: Выезд с территории | E90: Газель базы | F90: неизвестно | I90: E33149364_6_20251202T094908Z.jpg | J90: C:\ВИДЕОНАБЛЮДЕНИЕ\1 Ангар Склад 2 въезд\ | K90: 1 Ангар Склад 2 въезд\E33149364_6_20251202T094908Z.jpg | L90: вт 02.12.2025 — 09:49:08 | M90: =HYPERLINK(склад2въезд[[#This Row],[RelativePath]]) -> 1 Ангар Склад 2 въезд\E33149364_6_20251202T094908Z.jpg | N90: =VLOOKUP(склад2въезд[[#This Row],[Name]], СпрСобытий!$F:$G, 2, FALSE) -> Ангар Склад 2 въезд
A91: ср | B91: 45994 | C91: 0.68359954 | D91: без событий | I91: E33149364_6_20251203T162423Z.jpg | J91: C:\ВИДЕОНАБЛЮДЕНИЕ\1 Ангар Склад 2 въезд\ | K91: 1 Ангар Склад 2 въезд\E33149364_6_20251203T162423Z.jpg | L91: ср 03.12.2025 — 16:24:23 | M91: =HYPERLINK(склад2въезд[[#This Row],[RelativePath]]) -> 1 Ангар Склад 2 въезд\E33149364_6_20251203T162423Z.jpg | N91: =VLOOKUP(склад2въезд[[#This Row],[Name]], СпрСобытий!$F:$G, 2, FALSE) -> Ангар Склад 2 въезд
A92: чт | B92: 45995 | C92: 0.36359954 | D92: Въезд на базу | E92: Газель базы | F92: неизвестно | I92: E33149364_6_20251204T084335Z.jpg | J92: C:\ВИДЕОНАБЛЮДЕНИЕ\1 Ангар Склад 2 въезд\ | K92: 1 Ангар Склад 2 въезд\E33149364_6_20251204T084335Z.jpg | L92: чт 04.12.2025 — 08:43:35 | M92: =HYPERLINK(склад2въезд[[#This Row],[RelativePath]]) -> 1 Ангар Склад 2 въезд\E33149364_6_20251204T084335Z.jpg | N92: =VLOOKUP(склад2въезд[[#This Row],[Name]], СпрСобытий!$F:$G, 2, FALSE) -> Ангар Склад 2 въезд
A93: чт | B93: 45995 | C93: 0.38407407 | D93: Выезд с территории | E93: Газель базы | F93: неизвестно | I93: E33149364_6_20251204T091304Z.jpg | J93: C:\ВИДЕОНАБЛЮДЕНИЕ\1 Ангар Склад 2 въезд\ | K93: 1 Ангар Склад 2 въезд\E33149364_6_20251204T091304Z.jpg | L93: чт 04.12.2025 — 09:13:04 | M93: =HYPERLINK(склад2въезд[[#This Row],[RelativePath]]) -> 1 Ангар Склад 2 въезд\E33149364_6_20251204T091304Z.jpg | N93: =VLOOKUP(склад2въезд[[#This Row],[Name]], СпрСобытий!$F:$G, 2, FALSE) -> Ангар Склад 2 въезд
A94: чт | B94: 45995 | C94: 0.53180556 | D94: Въезд на базу | E94: Газель базы | F94: неизвестно | I94: E33149364_6_20251204T124548Z.jpg | J94: C:\ВИДЕОНАБЛЮДЕНИЕ\1 Ангар Склад 2 въезд\ | K94: 1 Ангар Склад 2 въезд\E33149364_6_20251204T124548Z.jpg | L94: чт 04.12.2025 — 12:45:48 | M94: =HYPERLINK(склад2въезд[[#This Row],[RelativePath]]) -> 1 Ангар Склад 2 въезд\E33149364_6_20251204T124548Z.jpg | N94: =VLOOKUP(склад2въезд[[#This Row],[Name]], СпрСобытий!$F:$G, 2, FALSE) -> Ангар Склад 2 въезд
A95: чт | B95: 45995 | C95: 0.5540625 | D95: Выезд с территории | E95: Газель базы | F95: неизвестно | I95: E33149364_6_20251204T131751Z.jpg | J95: C:\ВИДЕОНАБЛЮДЕНИЕ\1 Ангар Склад 2 въезд\ | K95: 1 Ангар Склад 2 въезд\E33149364_6_20251204T131751Z.jpg | L95: чт 04.12.2025 — 13:17:51 | M95: =HYPERLINK(склад2въезд[[#This Row],[RelativePath]]) -> 1 Ангар Склад 2 въезд\E33149364_6_20251204T131751Z.jpg | N95: =VLOOKUP(склад2въезд[[#This Row],[Name]], СпрСобытий!$F:$G, 2, FALSE) -> Ангар Склад 2 въезд
A96: пт | B96: 45996 | C96: 0.45297454 | D96: Выезд с территории | E96: Погрузчик базы | F96: порожний | I96: E33149364_6_20251205T105217Z.jpg | J96: C:\ВИДЕОНАБЛЮДЕНИЕ\1 Ангар Склад 2 въезд\ | K96: 1 Ангар Склад 2 въезд\E33149364_6_20251205T105217Z.jpg | L96: пт 05.12.2025 — 10:52:17 | M96: =HYPERLINK(склад2въезд[[#This Row],[RelativePath]]) -> 1 Ангар Склад 2 въезд\E33149364_6_20251205T105217Z.jpg | N96: =VLOOKUP(склад2въезд[[#This Row],[Name]], СпрСобытий!$F:$G, 2, FALSE) -> Ангар Склад 2 въезд
A97: пт | B97: 45996 | C97: 0.57824074 | D97: Въезд на базу | E97: Погрузчик базы | F97: разные материалы | I97: E33149364_6_20251205T135240Z.jpg | J97: C:\ВИДЕОНАБЛЮДЕНИЕ\1 Ангар Склад 2 въезд\ | K97: 1 Ангар Склад 2 въезд\E33149364_6_20251205T135240Z.jpg | L97: пт 05.12.2025 — 13:52:40 | M97: =HYPERLINK(склад2въезд[[#This Row],[RelativePath]]) -> 1 Ангар Склад 2 въезд\E33149364_6_20251205T135240Z.jpg | N97: =VLOOKUP(склад2въезд[[#This Row],[Name]], СпрСобытий!$F:$G, 2, FALSE) -> Ангар Склад 2 въезд
A98: пт | B98: 45996 | C98: 0.57961806 | D98: Въезд на базу | E98: Газель базы | F98: неизвестно | I98: E33149364_6_20251205T135439Z.jpg | J98: C:\ВИДЕОНАБЛЮДЕНИЕ\1 Ангар Склад 2 въезд\ | K98: 1 Ангар Склад 2 въезд\E33149364_6_20251205T135439Z.jpg | L98: пт 05.12.2025 — 13:54:39 | M98: =HYPERLINK(склад2въезд[[#This Row],[RelativePath]]) -> 1 Ангар Склад 2 въезд\E33149364_6_20251205T135439Z.jpg | N98: =VLOOKUP(склад2въезд[[#This Row],[Name]], СпрСобытий!$F:$G, 2, FALSE) -> Ангар Склад 2 въезд
A99: пт | B99: 45996 | C99: 0.60671296 | D99: Выезд с территории | E99: Газель базы | F99: неизвестно | I99: E33149364_6_20251205T143340Z.jpg | J99: C:\ВИДЕОНАБЛЮДЕНИЕ\1 Ангар Склад 2 въезд\ | K99: 1 Ангар Склад 2 въезд\E33149364_6_20251205T143340Z.jpg | L99: пт 05.12.2025 — 14:33:40 | M99: =HYPERLINK(склад2въезд[[#This Row],[RelativePath]]) -> 1 Ангар Склад 2 въезд\E33149364_6_20251205T143340Z.jpg | N99: =VLOOKUP(склад2въезд[[#This Row],[Name]], СпрСобытий!$F:$G, 2, FALSE) -> Ангар Склад 2 въезд
A100: сб | B100: 45997 | C100: 0.66677083 | D100: без событий | I100: E33149364_6_20251206T160009Z.jpg | J100: C:\ВИДЕОНАБЛЮДЕНИЕ\1 Ангар Склад 2 въезд\ | K100: 1 Ангар Склад 2 въезд\E33149364_6_20251206T160009Z.jpg | L100: сб 06.12.2025 — 16:00:09 | M100: =HYPERLINK(склад2въезд[[#This Row],[RelativePath]]) -> 1 Ангар Склад 2 въезд\E33149364_6_20251206T160009Z.jpg | N100: =VLOOKUP(склад2въезд[[#This Row],[Name]], СпрСобытий!$F:$G, 2, FALSE) -> Ангар Склад 2 въезд
A101: вс | B101: 45998 | C101: 0.5797338 | D101: Въезд на базу | E101: КамАЗ с КМУ | F101: порожний | I101: E33149364_6_20251207T135449Z.jpg | J101: C:\ВИДЕОНАБЛЮДЕНИЕ\1 Ангар Склад 2 въезд\ | K101: 1 Ангар Склад 2 въезд\E33149364_6_20251207T135449Z.jpg | L101: вс 07.12.2025 — 13:54:49 | M101: =HYPERLINK(склад2въезд[[#This Row],[RelativePath]]) -> 1 Ангар Склад 2 въезд\E33149364_6_20251207T135449Z.jpg | N101: =VLOOKUP(склад2въезд[[#This Row],[Name]], СпрСобытий!$F:$G, 2, FALSE) -> Ангар Склад 2 въезд
A102: вс | B102: 45998 | C102: 0.67327546 | D102: Выезд с территории | E102: КамАЗ с КМУ | F102: доски, материалы | H102: загрузка с площадок навес и кран | I102: E33149364_6_20251207T160931Z.jpg | J102: C:\ВИДЕОНАБЛЮДЕНИЕ\1 Ангар Склад 2 въезд\ | K102: 1 Ангар Склад 2 въезд\E33149364_6_20251207T160931Z.jpg | L102: вс 07.12.2025 — 16:09:31 | M102: =HYPERLINK(склад2въезд[[#This Row],[RelativePath]]) -> 1 Ангар Склад 2 въезд\E33149364_6_20251207T160931Z.jpg | N102: =VLOOKUP(склад2въезд[[#This Row],[Name]], СпрСобытий!$F:$G, 2, FALSE) -> Ангар Склад 2 въезд
A103: пн | B103: 45999 | C103: 0.5987963 | D103: Въезд на второстепенную дорогу | E103: Газель фургон, голубая кабина, серый тент | F103: неизвестно | I103: E33149364_6_20251208T142216Z.jpg | J103: C:\ВИДЕОНАБЛЮДЕНИЕ\1 Ангар Склад 2 въезд\ | K103: 1 Ангар Склад 2 въезд\E33149364_6_20251208T142216Z.jpg | L103: пн 08.12.2025 — 14:22:16 | M103: =HYPERLINK(склад2въезд[[#This Row],[RelativePath]]) -> 1 Ангар Склад 2 въезд\E33149364_6_20251208T142216Z.jpg | N103: =VLOOKUP(склад2въезд[[#This Row],[Name]], СпрСобытий!$F:$G, 2, FALSE) -> Ангар Склад 2 въезд
A104: пн | B104: 45999 | C104: 0.66584491 | D104: Выезд со второстепенной дороги | E104: Газель фургон, голубая кабина, серый тент | F104: неизвестно | I104: E33149364_6_20251208T155849Z.jpg | J104: C:\ВИДЕОНАБЛЮДЕНИЕ\1 Ангар Склад 2 въезд\ | K104: 1 Ангар Склад 2 въезд\E33149364_6_20251208T155849Z.jpg | L104: пн 08.12.2025 — 15:58:49 | M104: =HYPERLINK(склад2въезд[[#This Row],[RelativePath]]) -> 1 Ангар Склад 2 въезд\E33149364_6_20251208T155849Z.jpg | N104: =VLOOKUP(склад2въезд[[#This Row],[Name]], СпрСобытий!$F:$G, 2, FALSE) -> Ангар Склад 2 въезд
A105: вт | B105: 46000 | C105: 0.42645833 | D105: Въезд на второстепенную дорогу | E105: Газель фургон, голубая кабина, серый тент | F105: неизвестно | I105: E33149364_6_20251209T101406Z.jpg | J105: C:\ВИДЕОНАБЛЮДЕНИЕ\1 Ангар Склад 2 въезд\ | K105: 1 Ангар Склад 2 въезд\E33149364_6_20251209T101406Z.jpg | L105: вт 09.12.2025 — 10:14:06 | M105: =HYPERLINK(склад2въезд[[#This Row],[RelativePath]]) -> 1 Ангар Склад 2 въезд\E33149364_6_20251209T101406Z.jpg | N105: =VLOOKUP(склад2въезд[[#This Row],[Name]], СпрСобытий!$F:$G, 2, FALSE) -> Ангар Склад 2 въезд
A106: вт | B106: 46000 | C106: 0.47930556 | D106: Выезд со второстепенной дороги | E106: Газель фургон, голубая кабина, серый тент | F106: неизвестно | I106: E33149364_6_20251209T113012Z.jpg | J106: C:\ВИДЕОНАБЛЮДЕНИЕ\1 Ангар Склад 2 въезд\ | K106: 1 Ангар Склад 2 въезд\E33149364_6_20251209T113012Z.jpg | L106: вт 09.12.2025 — 11:30:12 | M106: =HYPERLINK(склад2въезд[[#This Row],[RelativePath]]) -> 1 Ангар Склад 2 въезд\E33149364_6_20251209T113012Z.jpg | N106: =VLOOKUP(склад2въезд[[#This Row],[Name]], СпрСобытий!$F:$G, 2, FALSE) -> Ангар Склад 2 въезд
...

Sheet 2 Пилорама поката
A1: День нед | B1: Дата | C1: Время | D1: Событие | E1: Объект | F1: Груз | G1: Кол-во | H1: Примечание | I1: Name | J1: Folder Path | K1: RelativePath | L1: Подпись | M1: Ссылка на фото
A2: пн | B2: 45971 | C2: 0.39209491 | D2: Фиксация в кадре | E2: Территория | I2: E33149364_7_20251110T092437Z.jpg | J2: C:\ВИДЕОНАБЛЮДЕНИЕ\2 Пилорама поката\ | K2: 2 Пилорама поката\E33149364_7_20251110T092437Z.jpg | L2: пн 10.11.2025 — 09:24:37 | M2: =HYPERLINK(склад2въезд14[[#This Row],[RelativePath]]) -> 2 Пилорама поката\E33149364_7_20251110T092437Z.jpg
A3: пн | B3: 45971 | C3: 0.39253472 | D3: Доставка | E3: Трактор базы | F3: бревна | G3: 2 | I3: E33149364_7_20251110T092515Z.jpg | J3: C:\ВИДЕОНАБЛЮДЕНИЕ\2 Пилорама поката\ | K3: 2 Пилорама поката\E33149364_7_20251110T092515Z.jpg | L3: пн 10.11.2025 — 09:25:15 | M3: =HYPERLINK(склад2въезд14[[#This Row],[RelativePath]]) -> 2 Пилорама поката\E33149364_7_20251110T092515Z.jpg
A4: пн | B4: 45971 | C4: 0.41855324 | D4: Доставка | E4: Трактор базы | F4: бревна | G4: 1 | I4: E33149364_7_20251110T100243Z.jpg | J4: C:\ВИДЕОНАБЛЮДЕНИЕ\2 Пилорама поката\ | K4: 2 Пилорама поката\E33149364_7_20251110T100243Z.jpg | L4: пн 10.11.2025 — 10:02:43 | M4: =HYPERLINK(склад2въезд14[[#This Row],[RelativePath]]) -> 2 Пилорама поката\E33149364_7_20251110T100243Z.jpg
A5: пн | B5: 45971 | C5: 0.43763889 | D5: Доставка | E5: Трактор базы | F5: бревна | G5: 2 | I5: E33149364_7_20251110T103012Z.jpg | J5: C:\ВИДЕОНАБЛЮДЕНИЕ\2 Пилорама поката\ | K5: 2 Пилорама поката\E33149364_7_20251110T103012Z.jpg | L5: пн 10.11.2025 — 10:30:12 | M5: =HYPERLINK(склад2въезд14[[#This Row],[RelativePath]]) -> 2 Пилорама поката\E33149364_7_20251110T103012Z.jpg
A6: пн | B6: 45971 | C6: 0.44165509 | D6: Доставка | E6: Трактор базы | F6: бревна | G6: 2 | I6: E33149364_7_20251110T103559Z.jpg | J6: C:\ВИДЕОНАБЛЮДЕНИЕ\2 Пилорама поката\ | K6: 2 Пилорама поката\E33149364_7_20251110T103559Z.jpg | L6: пн 10.11.2025 — 10:35:59 | M6: =HYPERLINK(склад2въезд14[[#This Row],[RelativePath]]) -> 2 Пилорама поката\E33149364_7_20251110T103559Z.jpg
A7: пн | B7: 45971 | C7: 0.44550926 | D7: Доставка | E7: Трактор базы | F7: бревна | G7: 1 | I7: E33149364_7_20251110T104132Z.jpg | J7: C:\ВИДЕОНАБЛЮДЕНИЕ\2 Пилорама поката\ | K7: 2 Пилорама поката\E33149364_7_20251110T104132Z.jpg | L7: пн 10.11.2025 — 10:41:32 | M7: =HYPERLINK(склад2въезд14[[#This Row],[RelativePath]]) -> 2 Пилорама поката\E33149364_7_20251110T104132Z.jpg
A8: пн | B8: 45971 | C8: 0.45173611 | D8: Доставка | E8: Трактор базы | F8: бревна | G8: 2 | I8: E33149364_7_20251110T105030Z.jpg | J8: C:\ВИДЕОНАБЛЮДЕНИЕ\2 Пилорама поката\ | K8: 2 Пилорама поката\E33149364_7_20251110T105030Z.jpg | L8: пн 10.11.2025 — 10:50:30 | M8: =HYPERLINK(склад2въезд14[[#This Row],[RelativePath]]) -> 2 Пилорама поката\E33149364_7_20251110T105030Z.jpg
A9: пн | B9: 45971 | C9: 0.45603009 | D9: Доставка | E9: Трактор базы | F9: бревна | G9: 1 | I9: E33149364_7_20251110T105641Z.jpg | J9: C:\ВИДЕОНАБЛЮДЕНИЕ\2 Пилорама поката\ | K9: 2 Пилорама поката\E33149364_7_20251110T105641Z.jpg | L9: пн 10.11.2025 — 10:56:41 | M9: =HYPERLINK(склад2въезд14[[#This Row],[RelativePath]]) -> 2 Пилорама поката\E33149364_7_20251110T105641Z.jpg
A10: вт | B10: 45972 | C10: 0.33320602 | D10: Фиксация в кадре | E10: Территория | I10: E33149364_7_20251111T075949Z.jpg | J10: C:\ВИДЕОНАБЛЮДЕНИЕ\2 Пилорама поката\ | K10: 2 Пилорама поката\E33149364_7_20251111T075949Z.jpg | L10: вт 11.11.2025 — 07:59:49 | M10: =HYPERLINK(склад2въезд14[[#This Row],[RelativePath]]) -> 2 Пилорама поката\E33149364_7_20251111T075949Z.jpg
A11: вт | B11: 45972 | C11: 0.35127315 | D11: Фиксация в кадре | E11: Территория | I11: E33149364_7_20251111T082550Z.jpg | J11: C:\ВИДЕОНАБЛЮДЕНИЕ\2 Пилорама поката\ | K11: 2 Пилорама поката\E33149364_7_20251111T082550Z.jpg | L11: вт 11.11.2025 — 08:25:50 | M11: =HYPERLINK(склад2въезд14[[#This Row],[RelativePath]]) -> 2 Пилорама поката\E33149364_7_20251111T082550Z.jpg
A12: вт | B12: 45972 | C12: 0.45701389 | D12: Проезд | E12: Газель бортовая, синяя кабина | F12: порожний | I12: E33149364_7_20251111T105806Z.jpg | J12: C:\ВИДЕОНАБЛЮДЕНИЕ\2 Пилорама поката\ | K12: 2 Пилорама поката\E33149364_7_20251111T105806Z.jpg | L12: вт 11.11.2025 — 10:58:06 | M12: =HYPERLINK(склад2въезд14[[#This Row],[RelativePath]]) -> 2 Пилорама поката\E33149364_7_20251111T105806Z.jpg
A13: вт | B13: 45972 | C13: 0.60871528 | D13: Доставка | E13: Трактор базы | F13: бревна | G13: 1 | I13: E33149364_7_20251111T143633Z.jpg | J13: C:\ВИДЕОНАБЛЮДЕНИЕ\2 Пилорама поката\ | K13: 2 Пилорама поката\E33149364_7_20251111T143633Z.jpg | L13: вт 11.11.2025 — 14:36:33 | M13: =HYPERLINK(склад2въезд14[[#This Row],[RelativePath]]) -> 2 Пилорама поката\E33149364_7_20251111T143633Z.jpg
A14: вт | B14: 45972 | C14: 0.61587963 | D14: Доставка | E14: Трактор базы | F14: бревна | G14: 1 | I14: E33149364_7_20251111T144652Z.jpg | J14: C:\ВИДЕОНАБЛЮДЕНИЕ\2 Пилорама поката\ | K14: 2 Пилорама поката\E33149364_7_20251111T144652Z.jpg | L14: вт 11.11.2025 — 14:46:52 | M14: =HYPERLINK(склад2въезд14[[#This Row],[RelativePath]]) -> 2 Пилорама поката\E33149364_7_20251111T144652Z.jpg
A15: вт | B15: 45972 | C15: 0.62045139 | D15: Доставка | E15: Трактор базы | F15: бревна | G15: 1 | I15: E33149364_7_20251111T145327Z.jpg | J15: C:\ВИДЕОНАБЛЮДЕНИЕ\2 Пилорама поката\ | K15: 2 Пилорама поката\E33149364_7_20251111T145327Z.jpg | L15: вт 11.11.2025 — 14:53:27 | M15: =HYPERLINK(склад2въезд14[[#This Row],[RelativePath]]) -> 2 Пилорама поката\E33149364_7_20251111T145327Z.jpg
A16: вт | B16: 45972 | C16: 0.62636574 | D16: Доставка | E16: Трактор базы | F16: бревна | G16: 2 | I16: E33149364_7_20251111T150158Z.jpg | J16: C:\ВИДЕОНАБЛЮДЕНИЕ\2 Пилорама поката\ | K16: 2 Пилорама поката\E33149364_7_20251111T150158Z.jpg | L16: вт 11.11.2025 — 15:01:58 | M16: =HYPERLINK(склад2въезд14[[#This Row],[RelativePath]]) -> 2 Пилорама поката\E33149364_7_20251111T150158Z.jpg
A17: вт | B17: 45972 | C17: 0.66290509 | D17: Доставка | E17: Трактор базы | F17: бревна | G17: 1 | I17: E33149364_7_20251111T155435Z.jpg | J17: C:\ВИДЕОНАБЛЮДЕНИЕ\2 Пилорама поката\ | K17: 2 Пилорама поката\E33149364_7_20251111T155435Z.jpg | L17: вт 11.11.2025 — 15:54:35 | M17: =HYPERLINK(склад2въезд14[[#This Row],[RelativePath]]) -> 2 Пилорама поката\E33149364_7_20251111T155435Z.jpg
A18: ср | B18: 45973 | C18: 0.76931713 | D18: Фиксация в кадре | E18: Территория | I18: E33149364_7_20251112T182749Z.jpg | J18: C:\ВИДЕОНАБЛЮДЕНИЕ\2 Пилорама поката\ | K18: 2 Пилорама поката\E33149364_7_20251112T182749Z.jpg | L18: ср 12.11.2025 — 18:27:49 | M18: =HYPERLINK(склад2въезд14[[#This Row],[RelativePath]]) -> 2 Пилорама поката\E33149364_7_20251112T182749Z.jpg
A19: чт | B19: 45974 | C19: 0.34604167 | D19: Фиксация в кадре | E19: Территория | I19: E33149364_7_20251113T081818Z.jpg | J19: C:\ВИДЕОНАБЛЮДЕНИЕ\2 Пилорама поката\ | K19: 2 Пилорама поката\E33149364_7_20251113T081818Z.jpg | L19: чт 13.11.2025 — 08:18:18 | M19: =HYPERLINK(склад2въезд14[[#This Row],[RelativePath]]) -> 2 Пилорама поката\E33149364_7_20251113T081818Z.jpg
A20: чт | B20: 45974 | C20: 0.37868056 | D20: Проезд | E20: Газель базы | I20: E33149364_7_20251113T090518Z.jpg | J20: C:\ВИДЕОНАБЛЮДЕНИЕ\2 Пилорама поката\ | K20: 2 Пилорама поката\E33149364_7_20251113T090518Z.jpg | L20: чт 13.11.2025 — 09:05:18 | M20: =HYPERLINK(склад2въезд14[[#This Row],[RelativePath]]) -> 2 Пилорама поката\E33149364_7_20251113T090518Z.jpg
A21: чт | B21: 45974 | C21: 0.68540509 | D21: Доставка | E21: Трактор базы | F21: бревна | G21: 1 | I21: E33149364_7_20251113T162659Z.jpg | J21: C:\ВИДЕОНАБЛЮДЕНИЕ\2 Пилорама поката\ | K21: 2 Пилорама поката\E33149364_7_20251113T162659Z.jpg | L21: чт 13.11.2025 — 16:26:59 | M21: =HYPERLINK(склад2въезд14[[#This Row],[RelativePath]]) -> 2 Пилорама поката\E33149364_7_20251113T162659Z.jpg
A22: чт | B22: 45974 | C22: 0.68618056 | D22: Фиксация в кадре | E22: Трактор, проталкивание бревен внутрь ангара | I22: E33149364_7_20251113T162806Z.jpg | J22: C:\ВИДЕОНАБЛЮДЕНИЕ\2 Пилорама поката\ | K22: 2 Пилорама поката\E33149364_7_20251113T162806Z.jpg | L22: чт 13.11.2025 — 16:28:06 | M22: =HYPERLINK(склад2въезд14[[#This Row],[RelativePath]]) -> 2 Пилорама поката\E33149364_7_20251113T162806Z.jpg
A23: чт | B23: 45974 | C23: 0.71075231 | D23: Фиксация в кадре | E23: Территория | I23: E33149364_7_20251113T170329Z.jpg | J23: C:\ВИДЕОНАБЛЮДЕНИЕ\2 Пилорама поката\ | K23: 2 Пилорама поката\E33149364_7_20251113T170329Z.jpg | L23: чт 13.11.2025 — 17:03:29 | M23: =HYPERLINK(склад2въезд14[[#This Row],[RelativePath]]) -> 2 Пилорама поката\E33149364_7_20251113T170329Z.jpg
A24: пт | B24: 45975 | C24: 0.40074074 | D24: Фиксация в кадре | E24: Территория | I24: E33149364_7_20251114T093704Z.jpg | J24: C:\ВИДЕОНАБЛЮДЕНИЕ\2 Пилорама поката\ | K24: 2 Пилорама поката\E33149364_7_20251114T093704Z.jpg | L24: пт 14.11.2025 — 09:37:04 | M24: =HYPERLINK(склад2въезд14[[#This Row],[RelativePath]]) -> 2 Пилорама поката\E33149364_7_20251114T093704Z.jpg
A25: пт | B25: 45975 | C25: 0.40642361 | D25: Проезд | E25: Трактор базы | F25: отрезки бревен | I25: E33149364_7_20251114T094515Z.jpg | J25: C:\ВИДЕОНАБЛЮДЕНИЕ\2 Пилорама поката\ | K25: 2 Пилорама поката\E33149364_7_20251114T094515Z.jpg | L25: пт 14.11.2025 — 09:45:15 | M25: =HYPERLINK(склад2въезд14[[#This Row],[RelativePath]]) -> 2 Пилорама поката\E33149364_7_20251114T094515Z.jpg
A26: пт | B26: 45975 | C26: 0.42190972 | D26: Проезд | E26: Трактор базы | F26: отрезки бревен | I26: E33149364_7_20251114T100733Z.jpg | J26: C:\ВИДЕОНАБЛЮДЕНИЕ\2 Пилорама поката\ | K26: 2 Пилорама поката\E33149364_7_20251114T100733Z.jpg | L26: пт 14.11.2025 — 10:07:33 | M26: =HYPERLINK(склад2въезд14[[#This Row],[RelativePath]]) -> 2 Пилорама поката\E33149364_7_20251114T100733Z.jpg
A27: пт | B27: 45975 | C27: 0.42277778 | D27: Обратный проезд | E27: Трактор базы | F27: порожний | I27: E33149364_7_20251114T100848Z.jpg | J27: C:\ВИДЕОНАБЛЮДЕНИЕ\2 Пилорама поката\ | K27: 2 Пилорама поката\E33149364_7_20251114T100848Z.jpg | L27: пт 14.11.2025 — 10:08:48 | M27: =HYPERLINK(склад2въезд14[[#This Row],[RelativePath]]) -> 2 Пилорама поката\E33149364_7_20251114T100848Z.jpg
A28: пт | B28: 45975 | C28: 0.48237269 | D28: Проезд | E28: Трактор базы | F28: отрезки бревен | I28: E33149364_7_20251114T113437Z.jpg | J28: C:\ВИДЕОНАБЛЮДЕНИЕ\2 Пилорама поката\ | K28: 2 Пилорама поката\E33149364_7_20251114T113437Z.jpg | L28: пт 14.11.2025 — 11:34:37 | M28: =HYPERLINK(склад2въезд14[[#This Row],[RelativePath]]) -> 2 Пилорама поката\E33149364_7_20251114T113437Z.jpg
A29: пт | B29: 45975 | C29: 0.49148148 | D29: Проезд | E29: Трактор базы | F29: отрезки бревен | I29: E33149364_7_20251114T114744Z.jpg | J29: C:\ВИДЕОНАБЛЮДЕНИЕ\2 Пилорама поката\ | K29: 2 Пилорама поката\E33149364_7_20251114T114744Z.jpg | L29: пт 14.11.2025 — 11:47:44 | M29: =HYPERLINK(склад2въезд14[[#This Row],[RelativePath]]) -> 2 Пилорама поката\E33149364_7_20251114T114744Z.jpg
A30: пт | B30: 45975 | C30: 0.49703704 | D30: Доставка | E30: Трактор базы | F30: бревна | G30: 1 | I30: E33149364_7_20251114T115544Z.jpg | J30: C:\ВИДЕОНАБЛЮДЕНИЕ\2 Пилорама поката\ | K30: 2 Пилорама поката\E33149364_7_20251114T115544Z.jpg | L30: пт 14.11.2025 — 11:55:44 | M30: =HYPERLINK(склад2въезд14[[#This Row],[RelativePath]]) -> 2 Пилорама поката\E33149364_7_20251114T115544Z.jpg
A31: пт | B31: 45975 | C31: 0.50545139 | D31: Проезд | E31: Трактор базы | F31: отрезки бревен | I31: E33149364_7_20251114T120751Z.jpg | J31: C:\ВИДЕОНАБЛЮДЕНИЕ\2 Пилорама поката\ | K31: 2 Пилорама поката\E33149364_7_20251114T120751Z.jpg | L31: пт 14.11.2025 — 12:07:51 | M31: =HYPERLINK(склад2въезд14[[#This Row],[RelativePath]]) -> 2 Пилорама поката\E33149364_7_20251114T120751Z.jpg
A32: пт | B32: 45975 | C32: 0.51671296 | D32: Проезд | E32: Трактор базы | F32: отрезки бревен | I32: E33149364_7_20251114T122404Z.jpg | J32: C:\ВИДЕОНАБЛЮДЕНИЕ\2 Пилорама поката\ | K32: 2 Пилорама поката\E33149364_7_20251114T122404Z.jpg | L32: пт 14.11.2025 — 12:24:04 | M32: =HYPERLINK(склад2въезд14[[#This Row],[RelativePath]]) -> 2 Пилорама поката\E33149364_7_20251114T122404Z.jpg
A33: пт | B33: 45975 | C33: 0.5296412 | D33: Проезд | E33: Трактор базы | F33: отрезки бревен | I33: E33149364_7_20251114T124241Z.jpg | J33: C:\ВИДЕОНАБЛЮДЕНИЕ\2 Пилорама поката\ | K33: 2 Пилорама поката\E33149364_7_20251114T124241Z.jpg | L33: пт 14.11.2025 — 12:42:41 | M33: =HYPERLINK(склад2въезд14[[#This Row],[RelativePath]]) -> 2 Пилорама поката\E33149364_7_20251114T124241Z.jpg
A34: пт | B34: 45975 | C34: 0.53068287 | D34: Выезд по второстепенной дороги | E34: Трактор базы | F34: порожний | I34: E33149364_7_20251114T124411Z.jpg | J34: C:\ВИДЕОНАБЛЮДЕНИЕ\2 Пилорама поката\ | K34: 2 Пилорама поката\E33149364_7_20251114T124411Z.jpg | L34: пт 14.11.2025 — 12:44:11 | M34: =HYPERLINK(склад2въезд14[[#This Row],[RelativePath]]) -> 2 Пилорама поката\E33149364_7_20251114T124411Z.jpg
A35: пт | B35: 45975 | C35: 0.5409838 | D35: Проезд | E35: Трактор базы | F35: шина | I35: E33149364_7_20251114T125901Z.jpg | J35: C:\ВИДЕОНАБЛЮДЕНИЕ\2 Пилорама поката\ | K35: 2 Пилорама поката\E33149364_7_20251114T125901Z.jpg | L35: пт 14.11.2025 — 12:59:01 | M35: =HYPERLINK(склад2въезд14[[#This Row],[RelativePath]]) -> 2 Пилорама поката\E33149364_7_20251114T125901Z.jpg
A36: пт | B36: 45975 | C36: 0.74130787 | D36: Фиксация в кадре | E36: Территория | I36: E33149364_7_20251114T174729Z.jpg | J36: C:\ВИДЕОНАБЛЮДЕНИЕ\2 Пилорама поката\ | K36: 2 Пилорама поката\E33149364_7_20251114T174729Z.jpg | L36: пт 14.11.2025 — 17:47:29 | M36: =HYPERLINK(склад2въезд14[[#This Row],[RelativePath]]) -> 2 Пилорама поката\E33149364_7_20251114T174729Z.jpg
A37: сб | B37: 45976 | C37: 0.35449074 | D37: Фиксация в кадре | E37: Территория | H37: без событий | I37: E33149364_7_20251115T083028Z.jpg | J37: C:\ВИДЕОНАБЛЮДЕНИЕ\2 Пилорама поката\ | K37: 2 Пилорама поката\E33149364_7_20251115T083028Z.jpg | L37: сб 15.11.2025 — 08:30:28 | M37: =HYPERLINK(склад2въезд14[[#This Row],[RelativePath]]) -> 2 Пилорама поката\E33149364_7_20251115T083028Z.jpg
A38: сб | B38: 45976 | C38: 0.7337963 | D38: Фиксация в кадре | E38: Территория | I38: E33149364_7_20251115T173640Z.jpg | J38: C:\ВИДЕОНАБЛЮДЕНИЕ\2 Пилорама поката\ | K38: 2 Пилорама поката\E33149364_7_20251115T173640Z.jpg | L38: сб 15.11.2025 — 17:36:40 | M38: =HYPERLINK(склад2въезд14[[#This Row],[RelativePath]]) -> 2 Пилорама поката\E33149364_7_20251115T173640Z.jpg
A39: вс | B39: 45977 | C39: 0.39959491 | D39: Фиксация в кадре | E39: Территория | H39: без событий | I39: E33149364_7_20251116T093525Z.jpg | J39: C:\ВИДЕОНАБЛЮДЕНИЕ\2 Пилорама поката\ | K39: 2 Пилорама поката\E33149364_7_20251116T093525Z.jpg | L39: вс 16.11.2025 — 09:35:25 | M39: =HYPERLINK(склад2въезд14[[#This Row],[RelativePath]]) -> 2 Пилорама поката\E33149364_7_20251116T093525Z.jpg
A40: вс | B40: 45977 | C40: 0.74412037 | D40: Фиксация в кадре | E40: Территория | I40: E33149364_7_20251116T175132Z.jpg | J40: C:\ВИДЕОНАБЛЮДЕНИЕ\2 Пилорама поката\ | K40: 2 Пилорама поката\E33149364_7_20251116T175132Z.jpg | L40: вс 16.11.2025 — 17:51:32 | M40: =HYPERLINK(склад2въезд14[[#This Row],[RelativePath]]) -> 2 Пилорама поката\E33149364_7_20251116T175132Z.jpg
A41: пн | B41: 45978 | C41: 0.74068287 | D41: без событий | I41: E33149364_7_20251117T174635Z.jpg | J41: C:\ВИДЕОНАБЛЮДЕНИЕ\2 Пилорама поката\ | K41: 2 Пилорама поката\E33149364_7_20251117T174635Z.jpg | L41: пн 17.11.2025 — 17:46:35 | M41: =HYPERLINK(склад2въезд14[[#This Row],[RelativePath]]) -> 2 Пилорама поката\E33149364_7_20251117T174635Z.jpg
A42: вт | B42: 45979 | C42: 0.47488426 | D42: без событий | I42: E33149364_7_20251118T112350Z.jpg | J42: C:\ВИДЕОНАБЛЮДЕНИЕ\2 Пилорама поката\ | K42: 2 Пилорама поката\E33149364_7_20251118T112350Z.jpg | L42: вт 18.11.2025 — 11:23:50 | M42: =HYPERLINK(склад2въезд14[[#This Row],[RelativePath]]) -> 2 Пилорама поката\E33149364_7_20251118T112350Z.jpg
A43: ср | B43: 45980 | C43: 0.71018519 | D43: без событий | I43: E33149364_7_20251119T170240Z.jpg | J43: C:\ВИДЕОНАБЛЮДЕНИЕ\2 Пилорама поката\ | K43: 2 Пилорама поката\E33149364_7_20251119T170240Z.jpg | L43: ср 19.11.2025 — 17:02:40 | M43: =HYPERLINK(склад2въезд14[[#This Row],[RelativePath]]) -> 2 Пилорама поката\E33149364_7_20251119T170240Z.jpg
A44: чт | B44: 45981 | C44: 0.68290509 | D44: Очистка места для выгрузки бревен | I44: E33149364_7_20251120T162323Z.jpg | J44: C:\ВИДЕОНАБЛЮДЕНИЕ\2 Пилорама поката\ | K44: 2 Пилорама поката\E33149364_7_20251120T162323Z.jpg | L44: чт 20.11.2025 — 16:23:23 | M44: =HYPERLINK(склад2въезд14[[#This Row],[RelativePath]]) -> 2 Пилорама поката\E33149364_7_20251120T162323Z.jpg
A45: чт | B45: 45981 | C45: 0.7059375 | D45: Фиксация в кадре | E45: Территория | I45: E33149364_7_20251120T165633Z.jpg | J45: C:\ВИДЕОНАБЛЮДЕНИЕ\2 Пилорама поката\ | K45: 2 Пилорама поката\E33149364_7_20251120T165633Z.jpg | L45: чт 20.11.2025 — 16:56:33 | M45: =HYPERLINK(склад2въезд14[[#This Row],[RelativePath]]) -> 2 Пилорама поката\E33149364_7_20251120T165633Z.jpg
A46: пт | B46: 45982 | C46: 0.73827546 | D46: без событий | I46: E33149364_7_20251121T174307Z.jpg | J46: C:\ВИДЕОНАБЛЮДЕНИЕ\2 Пилорама поката\ | K46: 2 Пилорама поката\E33149364_7_20251121T174307Z.jpg | L46: пт 21.11.2025 — 17:43:07 | M46: =HYPERLINK(склад2въезд14[[#This Row],[RelativePath]]) -> 2 Пилорама поката\E33149364_7_20251121T174307Z.jpg
A47: сб | B47: 45983 | C47: 0.73099537 | D47: без событий | I47: E33149364_7_20251122T173238Z.jpg | J47: C:\ВИДЕОНАБЛЮДЕНИЕ\2 Пилорама поката\ | K47: 2 Пилорама поката\E33149364_7_20251122T173238Z.jpg | L47: сб 22.11.2025 — 17:32:38 | M47: =HYPERLINK(склад2въезд14[[#This Row],[RelativePath]]) -> 2 Пилорама поката\E33149364_7_20251122T173238Z.jpg
A48: вс | B48: 45984 | C48: 0.72163194 | D48: без событий | I48: E33149364_7_20251123T171909Z.jpg | J48: C:\ВИДЕОНАБЛЮДЕНИЕ\2 Пилорама поката\ | K48: 2 Пилорама поката\E33149364_7_20251123T171909Z.jpg | L48: вс 23.11.2025 — 17:19:09 | M48: =HYPERLINK(склад2въезд14[[#This Row],[RelativePath]]) -> 2 Пилорама поката\E33149364_7_20251123T171909Z.jpg
A49: пн | B49: 45985 | C49: 0.61034722 | D49: Загрузка | E49: Трактор базы | F49: отходы распиловки | H49: около окна приема бревен | I49: E33149364_7_20251124T143854Z.jpg | J49: C:\ВИДЕОНАБЛЮДЕНИЕ\2 Пилорама поката\ | K49: 2 Пилорама поката\E33149364_7_20251124T143854Z.jpg | L49: пн 24.11.2025 — 14:38:54 | M49: =HYPERLINK(склад2въезд14[[#This Row],[RelativePath]]) -> 2 Пилорама поката\E33149364_7_20251124T143854Z.jpg
A50: пн | B50: 45985 | C50: 0.61153935 | D50: Выгрузка | E50: Трактор базы | F50: отходы распиловки | H50: за кадром | I50: E33149364_7_20251124T144037Z.jpg | J50: C:\ВИДЕОНАБЛЮДЕНИЕ\2 Пилорама поката\ | K50: 2 Пилорама поката\E33149364_7_20251124T144037Z.jpg | L50: пн 24.11.2025 — 14:40:37 | M50: =HYPERLINK(склад2въезд14[[#This Row],[RelativePath]]) -> 2 Пилорама поката\E33149364_7_20251124T144037Z.jpg
A51: пн | B51: 45985 | C51: 0.61314815 | D51: Загрузка | E51: Трактор базы | F51: отходы распиловки | H51: около окна приема бревен | I51: E33149364_7_20251124T144256Z.jpg | J51: C:\ВИДЕОНАБЛЮДЕНИЕ\2 Пилорама поката\ | K51: 2 Пилорама поката\E33149364_7_20251124T144256Z.jpg | L51: пн 24.11.2025 — 14:42:56 | M51: =HYPERLINK(склад2въезд14[[#This Row],[RelativePath]]) -> 2 Пилорама поката\E33149364_7_20251124T144256Z.jpg
A52: пн | B52: 45985 | C52: 0.61351852 | D52: Выгрузка | E52: Трактор базы | F52: отходы распиловки | H52: за кадром | I52: E33149364_7_20251124T144328Z.jpg | J52: C:\ВИДЕОНАБЛЮДЕНИЕ\2 Пилорама поката\ | K52: 2 Пилорама поката\E33149364_7_20251124T144328Z.jpg | L52: пн 24.11.2025 — 14:43:28 | M52: =HYPERLINK(склад2въезд14[[#This Row],[RelativePath]]) -> 2 Пилорама поката\E33149364_7_20251124T144328Z.jpg
A53: пн | B53: 45985 | C53: 0.70601852 | D53: Доставка | E53: Трактор базы | F53: бревна | G53: 4 | H53: окно приема бревен | I53: E33149364_7_20251124T165640Z.jpg | J53: C:\ВИДЕОНАБЛЮДЕНИЕ\2 Пилорама поката\ | K53: 2 Пилорама поката\E33149364_7_20251124T165640Z.jpg | L53: пн 24.11.2025 — 16:56:40 | M53: =HYPERLINK(склад2въезд14[[#This Row],[RelativePath]]) -> 2 Пилорама поката\E33149364_7_20251124T165640Z.jpg
A54: вт | B54: 45986 | C54: 0.43487269 | D54: Загрузка | E54: Трактор базы | F54: отходы распиловки | H54: около окна приема бревен | I54: E33149364_7_20251125T102613Z.jpg | J54: C:\ВИДЕОНАБЛЮДЕНИЕ\2 Пилорама поката\ | K54: 2 Пилорама поката\E33149364_7_20251125T102613Z.jpg | L54: вт 25.11.2025 — 10:26:13 | M54: =HYPERLINK(склад2въезд14[[#This Row],[RelativePath]]) -> 2 Пилорама поката\E33149364_7_20251125T102613Z.jpg
A55: вт | B55: 45986 | C55: 0.43512731 | D55: Выгрузка | E55: Трактор базы | F55: отходы распиловки | H55: за кадром | I55: E33149364_7_20251125T102635Z.jpg | J55: C:\ВИДЕОНАБЛЮДЕНИЕ\2 Пилорама поката\ | K55: 2 Пилорама поката\E33149364_7_20251125T102635Z.jpg | L55: вт 25.11.2025 — 10:26:35 | M55: =HYPERLINK(склад2въезд14[[#This Row],[RelativePath]]) -> 2 Пилорама поката\E33149364_7_20251125T102635Z.jpg
A56: вт | B56: 45986 | C56: 0.44564815 | D56: Загрузка | E56: Трактор базы | F56: отходы распиловки | H56: около окна приема бревен | I56: E33149364_7_20251125T104144Z.jpg | J56: C:\ВИДЕОНАБЛЮДЕНИЕ\2 Пилорама поката\ | K56: 2 Пилорама поката\E33149364_7_20251125T104144Z.jpg | L56: вт 25.11.2025 — 10:41:44 | M56: =HYPERLINK(склад2въезд14[[#This Row],[RelativePath]]) -> 2 Пилорама поката\E33149364_7_20251125T104144Z.jpg
A57: вт | B57: 45986 | C57: 0.44611111 | D57: Выгрузка | E57: Трактор базы | F57: отходы распиловки | H57: за кадром | I57: E33149364_7_20251125T104224Z.jpg | J57: C:\ВИДЕОНАБЛЮДЕНИЕ\2 Пилорама поката\ | K57: 2 Пилорама поката\E33149364_7_20251125T104224Z.jpg | L57: вт 25.11.2025 — 10:42:24 | M57: =HYPERLINK(склад2въезд14[[#This Row],[RelativePath]]) -> 2 Пилорама поката\E33149364_7_20251125T104224Z.jpg
A58: вт | B58: 45986 | C58: 0.4546875 | D58: Загрузка | E58: Трактор базы | F58: отходы распиловки | H58: около окна приема бревен | I58: E33149364_7_20251125T105445Z.jpg | J58: C:\ВИДЕОНАБЛЮДЕНИЕ\2 Пилорама поката\ | K58: 2 Пилорама поката\E33149364_7_20251125T105445Z.jpg | L58: вт 25.11.2025 — 10:54:45 | M58: =HYPERLINK(склад2въезд14[[#This Row],[RelativePath]]) -> 2 Пилорама поката\E33149364_7_20251125T105445Z.jpg
A59: вт | B59: 45986 | C59: 0.4549537 | D59: Выгрузка | E59: Трактор базы | F59: отходы распиловки | H59: за кадром | I59: E33149364_7_20251125T105508Z.jpg | J59: C:\ВИДЕОНАБЛЮДЕНИЕ\2 Пилорама поката\ | K59: 2 Пилорама поката\E33149364_7_20251125T105508Z.jpg | L59: вт 25.11.2025 — 10:55:08 | M59: =HYPERLINK(склад2въезд14[[#This Row],[RelativePath]]) -> 2 Пилорама поката\E33149364_7_20251125T105508Z.jpg
A60: вт | B60: 45986 | C60: 0.51313657 | D60: Загрузка | E60: Трактор базы | F60: мешок опилок | G60: 1 | I60: E33149364_7_20251125T121855Z.jpg | J60: C:\ВИДЕОНАБЛЮДЕНИЕ\2 Пилорама поката\ | K60: 2 Пилорама поката\E33149364_7_20251125T121855Z.jpg | L60: вт 25.11.2025 — 12:18:55 | M60: =HYPERLINK(склад2въезд14[[#This Row],[RelativePath]]) -> 2 Пилорама поката\E33149364_7_20251125T121855Z.jpg
A61: вт | B61: 45986 | C61: 0.51368056 | D61: Выгрузка | E61: Трактор базы | F61: мешок опилок | G61: 1 | H61: около второго ангара | I61: E33149364_7_20251125T121942Z.jpg | J61: C:\ВИДЕОНАБЛЮДЕНИЕ\2 Пилорама поката\ | K61: 2 Пилорама поката\E33149364_7_20251125T121942Z.jpg | L61: вт 25.11.2025 — 12:19:42 | M61: =HYPERLINK(склад2въезд14[[#This Row],[RelativePath]]) -> 2 Пилорама поката\E33149364_7_20251125T121942Z.jpg
A62: вт | B62: 45986 | C62: 0.51457176 | D62: Загрузка | E62: Трактор базы | F62: мешок опилок | G62: 1 | I62: E33149364_7_20251125T122059Z.jpg | J62: C:\ВИДЕОНАБЛЮДЕНИЕ\2 Пилорама поката\ | K62: 2 Пилорама поката\E33149364_7_20251125T122059Z.jpg | L62: вт 25.11.2025 — 12:20:59 | M62: =HYPERLINK(склад2въезд14[[#This Row],[RelativePath]]) -> 2 Пилорама поката\E33149364_7_20251125T122059Z.jpg
A63: вт | B63: 45986 | C63: 0.51493056 | D63: Выгрузка | E63: Трактор базы | F63: мешок опилок | G63: 1 | H63: около второго ангара | I63: E33149364_7_20251125T122130Z.jpg | J63: C:\ВИДЕОНАБЛЮДЕНИЕ\2 Пилорама поката\ | K63: 2 Пилорама поката\E33149364_7_20251125T122130Z.jpg | L63: вт 25.11.2025 — 12:21:30 | M63: =HYPERLINK(склад2въезд14[[#This Row],[RelativePath]]) -> 2 Пилорама поката\E33149364_7_20251125T122130Z.jpg
A64: вт | B64: 45986 | C64: 0.52054398 | D64: Доставка | E64: Трактор базы | F64: бревна | G64: 1 | H64: окно приема бревен | I64: E33149364_7_20251125T122935Z.jpg | J64: C:\ВИДЕОНАБЛЮДЕНИЕ\2 Пилорама поката\ | K64: 2 Пилорама поката\E33149364_7_20251125T122935Z.jpg | L64: вт 25.11.2025 — 12:29:35 | M64: =HYPERLINK(склад2въезд14[[#This Row],[RelativePath]]) -> 2 Пилорама поката\E33149364_7_20251125T122935Z.jpg
A65: вт | B65: 45986 | C65: 0.68429398 | D65: Фиксация в кадре | E65: Территория | H65: в конце дня | I65: E33149364_7_20251125T162523Z.jpg | J65: C:\ВИДЕОНАБЛЮДЕНИЕ\2 Пилорама поката\ | K65: 2 Пилорама поката\E33149364_7_20251125T162523Z.jpg | L65: вт 25.11.2025 — 16:25:23 | M65: =HYPERLINK(склад2въезд14[[#This Row],[RelativePath]]) -> 2 Пилорама поката\E33149364_7_20251125T162523Z.jpg
A66: ср | B66: 45987 | C66: 0.4349537 | D66: Проезд | E66: Газель фургон, белая кабина, серый тент | F66: порожний | I66: E33149364_7_20251126T102620Z.jpg | J66: C:\ВИДЕОНАБЛЮДЕНИЕ\2 Пилорама поката\ | K66: 2 Пилорама поката\E33149364_7_20251126T102620Z.jpg | L66: ср 26.11.2025 — 10:26:20 | M66: =HYPERLINK(склад2въезд14[[#This Row],[RelativePath]]) -> 2 Пилорама поката\E33149364_7_20251126T102620Z.jpg
A67: ср | B67: 45987 | C67: 0.45113426 | D67: Строительство навеса | E67: Ангар | H67: окно приема бревен | I67: E33149364_7_20251126T104938Z.jpg | J67: C:\ВИДЕОНАБЛЮДЕНИЕ\2 Пилорама поката\ | K67: 2 Пилорама поката\E33149364_7_20251126T104938Z.jpg | L67: ср 26.11.2025 — 10:49:38 | M67: =HYPERLINK(склад2въезд14[[#This Row],[RelativePath]]) -> 2 Пилорама поката\E33149364_7_20251126T104938Z.jpg
A68: ср | B68: 45987 | C68: 0.49391204 | D68: Строительство навеса | E68: Ангар | H68: динамика | I68: E33149364_7_20251126T115114Z.jpg | J68: C:\ВИДЕОНАБЛЮДЕНИЕ\2 Пилорама поката\ | K68: 2 Пилорама поката\E33149364_7_20251126T115114Z.jpg | L68: ср 26.11.2025 — 11:51:14 | M68: =HYPERLINK(склад2въезд14[[#This Row],[RelativePath]]) -> 2 Пилорама поката\E33149364_7_20251126T115114Z.jpg
A69: ср | B69: 45987 | C69: 0.60818287 | D69: Строительство навеса | E69: Ангар | H69: динамика | I69: E33149364_7_20251126T143547Z.jpg | J69: C:\ВИДЕОНАБЛЮДЕНИЕ\2 Пилорама поката\ | K69: 2 Пилорама поката\E33149364_7_20251126T143547Z.jpg | L69: ср 26.11.2025 — 14:35:47 | M69: =HYPERLINK(склад2въезд14[[#This Row],[RelativePath]]) -> 2 Пилорама поката\E33149364_7_20251126T143547Z.jpg
A70: ср | B70: 45987 | C70: 0.60833333 | D70: Строительство навеса | E70: Ангар | H70: динамика | I70: E33149364_7_20251126T143600Z.jpg | J70: C:\ВИДЕОНАБЛЮДЕНИЕ\2 Пилорама поката\ | K70: 2 Пилорама поката\E33149364_7_20251126T143600Z.jpg | L70: ср 26.11.2025 — 14:36:00 | M70: =HYPERLINK(склад2въезд14[[#This Row],[RelativePath]]) -> 2 Пилорама поката\E33149364_7_20251126T143600Z.jpg
A71: ср | B71: 45987 | C71: 0.62814815 | D71: Строительство навеса | E71: Ангар | H71: динамика | I71: E33149364_7_20251126T150432Z.jpg | J71: C:\ВИДЕОНАБЛЮДЕНИЕ\2 Пилорама поката\ | K71: 2 Пилорама поката\E33149364_7_20251126T150432Z.jpg | L71: ср 26.11.2025 — 15:04:32 | M71: =HYPERLINK(склад2въезд14[[#This Row],[RelativePath]]) -> 2 Пилорама поката\E33149364_7_20251126T150432Z.jpg
A72: ср | B72: 45987 | C72: 0.66761574 | D72: Строительство навеса | E72: Ангар | H72: динамика | I72: E33149364_7_20251126T160122Z.jpg | J72: C:\ВИДЕОНАБЛЮДЕНИЕ\2 Пилорама поката\ | K72: 2 Пилорама поката\E33149364_7_20251126T160122Z.jpg | L72: ср 26.11.2025 — 16:01:22 | M72: =HYPERLINK(склад2въезд14[[#This Row],[RelativePath]]) -> 2 Пилорама поката\E33149364_7_20251126T160122Z.jpg
A73: ср | B73: 45987 | C73: 0.70072917 | D73: Строительство навеса | E73: Ангар | H73: динамика | I73: E33149364_7_20251126T164903Z.jpg | J73: C:\ВИДЕОНАБЛЮДЕНИЕ\2 Пилорама поката\ | K73: 2 Пилорама поката\E33149364_7_20251126T164903Z.jpg | L73: ср 26.11.2025 — 16:49:03 | M73: =HYPERLINK(склад2въезд14[[#This Row],[RelativePath]]) -> 2 Пилорама поката\E33149364_7_20251126T164903Z.jpg
A74: чт | B74: 45988 | C74: 0.391875 | D74: Строительство навеса | E74: Ангар | H74: динамика | I74: E33149364_7_20251127T092418Z.jpg | J74: C:\ВИДЕОНАБЛЮДЕНИЕ\2 Пилорама поката\ | K74: 2 Пилорама поката\E33149364_7_20251127T092418Z.jpg | L74: чт 27.11.2025 — 09:24:18 | M74: =HYPERLINK(склад2въезд14[[#This Row],[RelativePath]]) -> 2 Пилорама поката\E33149364_7_20251127T092418Z.jpg
A75: чт | B75: 45988 | C75: 0.44978009 | D75: Строительство навеса | E75: Ангар | H75: динамика | I75: E33149364_7_20251127T104741Z.jpg | J75: C:\ВИДЕОНАБЛЮДЕНИЕ\2 Пилорама поката\ | K75: 2 Пилорама поката\E33149364_7_20251127T104741Z.jpg | L75: чт 27.11.2025 — 10:47:41 | M75: =HYPERLINK(склад2въезд14[[#This Row],[RelativePath]]) -> 2 Пилорама поката\E33149364_7_20251127T104741Z.jpg
A76: чт | B76: 45988 | C76: 0.61861111 | D76: Строительство навеса | E76: Ангар | H76: динамика | I76: E33149364_7_20251127T145048Z.jpg | J76: C:\ВИДЕОНАБЛЮДЕНИЕ\2 Пилорама поката\ | K76: 2 Пилорама поката\E33149364_7_20251127T145048Z.jpg | L76: чт 27.11.2025 — 14:50:48 | M76: =HYPERLINK(склад2въезд14[[#This Row],[RelativePath]]) -> 2 Пилорама поката\E33149364_7_20251127T145048Z.jpg
A77: чт | B77: 45988 | C77: 0.64340278 | D77: Строительство навеса | E77: Ангар | H77: динамика | I77: E33149364_7_20251127T152630Z.jpg | J77: C:\ВИДЕОНАБЛЮДЕНИЕ\2 Пилорама поката\ | K77: 2 Пилорама поката\E33149364_7_20251127T152630Z.jpg | L77: чт 27.11.2025 — 15:26:30 | M77: =HYPERLINK(склад2въезд14[[#This Row],[RelativePath]]) -> 2 Пилорама поката\E33149364_7_20251127T152630Z.jpg
A78: чт | B78: 45988 | C78: 0.68502315 | D78: Загрузка | E78: Трактор базы | F78: отходы распиловки | H78: около окна приема бревен | I78: E33149364_7_20251127T162626Z.jpg | J78: C:\ВИДЕОНАБЛЮДЕНИЕ\2 Пилорама поката\ | K78: 2 Пилорама поката\E33149364_7_20251127T162626Z.jpg | L78: чт 27.11.2025 — 16:26:26 | M78: =HYPERLINK(склад2въезд14[[#This Row],[RelativePath]]) -> 2 Пилорама поката\E33149364_7_20251127T162626Z.jpg
A79: чт | B79: 45988 | C79: 0.6855787 | D79: Выгрузка | E79: Трактор базы | F79: отходы распиловки | H79: за кадром | I79: E33149364_7_20251127T162714Z.jpg | J79: C:\ВИДЕОНАБЛЮДЕНИЕ\2 Пилорама поката\ | K79: 2 Пилорама поката\E33149364_7_20251127T162714Z.jpg | L79: чт 27.11.2025 — 16:27:14 | M79: =HYPERLINK(склад2въезд14[[#This Row],[RelativePath]]) -> 2 Пилорама поката\E33149364_7_20251127T162714Z.jpg
A80: пт | B80: 45989 | C80: 0.39405093 | D80: Загрузка | E80: Трактор базы | F80: отходы распиловки | H80: около окна приема бревен | I80: E33149364_7_20251128T092726Z.jpg | J80: C:\ВИДЕОНАБЛЮДЕНИЕ\2 Пилорама поката\ | K80: 2 Пилорама поката\E33149364_7_20251128T092726Z.jpg | L80: пт 28.11.2025 — 09:27:26 | M80: =HYPERLINK(склад2въезд14[[#This Row],[RelativePath]]) -> 2 Пилорама поката\E33149364_7_20251128T092726Z.jpg
A81: пт | B81: 45989 | C81: 0.39444444 | D81: Выгрузка | E81: Трактор базы | F81: отходы распиловки | H81: за кадром | I81: E33149364_7_20251128T092800Z.jpg | J81: C:\ВИДЕОНАБЛЮДЕНИЕ\2 Пилорама поката\ | K81: 2 Пилорама поката\E33149364_7_20251128T092800Z.jpg | L81: пт 28.11.2025 — 09:28:00 | M81: =HYPERLINK(склад2въезд14[[#This Row],[RelativePath]]) -> 2 Пилорама поката\E33149364_7_20251128T092800Z.jpg
A82: пт | B82: 45989 | C82: 0.40479167 | D82: Загрузка | E82: Трактор базы | F82: отходы распиловки | H82: около окна приема бревен | I82: E33149364_7_20251128T094254Z.jpg | J82: C:\ВИДЕОНАБЛЮДЕНИЕ\2 Пилорама поката\ | K82: 2 Пилорама поката\E33149364_7_20251128T094254Z.jpg | L82: пт 28.11.2025 — 09:42:54 | M82: =HYPERLINK(склад2въезд14[[#This Row],[RelativePath]]) -> 2 Пилорама поката\E33149364_7_20251128T094254Z.jpg
A83: пт | B83: 45989 | C83: 0.40516204 | D83: Выгрузка | E83: Трактор базы | F83: отходы распиловки | H83: за кадром | I83: E33149364_7_20251128T094326Z.jpg | J83: C:\ВИДЕОНАБЛЮДЕНИЕ\2 Пилорама поката\ | K83: 2 Пилорама поката\E33149364_7_20251128T094326Z.jpg | L83: пт 28.11.2025 — 09:43:26 | M83: =HYPERLINK(склад2въезд14[[#This Row],[RelativePath]]) -> 2 Пилорама поката\E33149364_7_20251128T094326Z.jpg
A84: пт | B84: 45989 | C84: 0.41587963 | D84: Загрузка | E84: Трактор базы | F84: отходы распиловки | H84: около окна приема бревен | I84: E33149364_7_20251128T095852Z.jpg | J84: C:\ВИДЕОНАБЛЮДЕНИЕ\2 Пилорама поката\ | K84: 2 Пилорама поката\E33149364_7_20251128T095852Z.jpg | L84: пт 28.11.2025 — 09:58:52 | M84: =HYPERLINK(склад2въезд14[[#This Row],[RelativePath]]) -> 2 Пилорама поката\E33149364_7_20251128T095852Z.jpg
A85: пт | B85: 45989 | C85: 0.43194444 | D85: Выгрузка | E85: Трактор базы | F85: отходы распиловки | H85: за кадром | I85: E33149364_7_20251128T102200Z.jpg | J85: C:\ВИДЕОНАБЛЮДЕНИЕ\2 Пилорама поката\ | K85: 2 Пилорама поката\E33149364_7_20251128T102200Z.jpg | L85: пт 28.11.2025 — 10:22:00 | M85: =HYPERLINK(склад2въезд14[[#This Row],[RelativePath]]) -> 2 Пилорама поката\E33149364_7_20251128T102200Z.jpg
A86: пт | B86: 45989 | C86: 0.4555787 | D86: Проезд, на територию | E86: Газель фургон, голубая кабина, серый тент | F86: порожний | I86: E33149364_7_20251128T105602Z.jpg | J86: C:\ВИДЕОНАБЛЮДЕНИЕ\2 Пилорама поката\ | K86: 2 Пилорама поката\E33149364_7_20251128T105602Z.jpg | L86: пт 28.11.2025 — 10:56:02 | M86: =HYPERLINK(склад2въезд14[[#This Row],[RelativePath]]) -> 2 Пилорама поката\E33149364_7_20251128T105602Z.jpg
A87: пт | B87: 45989 | C87: 0.45584491 | D87: Проезд, на територию | E87: Газель фургон, голубая кабина, серый тент | F87: порожний | H87: динамика | I87: E33149364_7_20251128T105625Z.jpg | J87: C:\ВИДЕОНАБЛЮДЕНИЕ\2 Пилорама поката\ | K87: 2 Пилорама поката\E33149364_7_20251128T105625Z.jpg | L87: пт 28.11.2025 — 10:56:25 | M87: =HYPERLINK(склад2въезд14[[#This Row],[RelativePath]]) -> 2 Пилорама поката\E33149364_7_20251128T105625Z.jpg
A88: пт | B88: 45989 | C88: 0.49850694 | D88: Проезд, на територию | E88: Газель фургон, голубая кабина, серый тент | F88: порожний | H88: динамика | I88: E33149364_7_20251128T115751Z.jpg | J88: C:\ВИДЕОНАБЛЮДЕНИЕ\2 Пилорама поката\ | K88: 2 Пилорама поката\E33149364_7_20251128T115751Z.jpg | L88: пт 28.11.2025 — 11:57:51 | M88: =HYPERLINK(склад2въезд14[[#This Row],[RelativePath]]) -> 2 Пилорама поката\E33149364_7_20251128T115751Z.jpg
A89: пт | B89: 45989 | C89: 0.5065162 | D89: Проезд, с территории | E89: Газель фургон, голубая кабина, серый тент | I89: E33149364_7_20251128T120923Z.jpg | J89: C:\ВИДЕОНАБЛЮДЕНИЕ\2 Пилорама поката\ | K89: 2 Пилорама поката\E33149364_7_20251128T120923Z.jpg | L89: пт 28.11.2025 — 12:09:23 | M89: =HYPERLINK(склад2въезд14[[#This Row],[RelativePath]]) -> 2 Пилорама поката\E33149364_7_20251128T120923Z.jpg
A90: сб | B90: 45990 | C90: 0.72246528 | D90: Фиксация в кадре | E90: Территория | H90: в конце дня | I90: E33149364_7_20251129T172021Z.jpg | J90: C:\ВИДЕОНАБЛЮДЕНИЕ\2 Пилорама поката\ | K90: 2 Пилорама поката\E33149364_7_20251129T172021Z.jpg | L90: сб 29.11.2025 — 17:20:21 | M90: =HYPERLINK(склад2въезд14[[#This Row],[RelativePath]]) -> 2 Пилорама поката\E33149364_7_20251129T172021Z.jpg
A91: вс | B91: 45991 | C91: 0.4866088 | D91: без событий | I91: E33149364_7_20251130T114043Z.jpg | J91: C:\ВИДЕОНАБЛЮДЕНИЕ\2 Пилорама поката\ | K91: 2 Пилорама поката\E33149364_7_20251130T114043Z.jpg | L91: вс 30.11.2025 — 11:40:43 | M91: =HYPERLINK(склад2въезд14[[#This Row],[RelativePath]]) -> 2 Пилорама поката\E33149364_7_20251130T114043Z.jpg
A92: пн | B92: 45992 | C92: 0.40438657 | D92: перемещение | E92: Сотрудник | F92: ящики | H92: около мешков с опилками | I92: E33149364_7_20251201T094219Z.jpg | J92: C:\ВИДЕОНАБЛЮДЕНИЕ\2 Пилорама поката\ | K92: 2 Пилорама поката\E33149364_7_20251201T094219Z.jpg | L92: пн 01.12.2025 — 09:42:19 | M92: =HYPERLINK(склад2въезд14[[#This Row],[RelativePath]]) -> 2 Пилорама поката\E33149364_7_20251201T094219Z.jpg
A93: пн | B93: 45992 | C93: 0.41398148 | D93: Проезд, на новую площадку | E93: Трактор базы | F93: отходы распиловки | H93: для разгрузки | I93: E33149364_7_20251201T095608Z.jpg | J93: C:\ВИДЕОНАБЛЮДЕНИЕ\2 Пилорама поката\ | K93: 2 Пилорама поката\E33149364_7_20251201T095608Z.jpg | L93: пн 01.12.2025 — 09:56:08 | M93: =HYPERLINK(склад2въезд14[[#This Row],[RelativePath]]) -> 2 Пилорама поката\E33149364_7_20251201T095608Z.jpg
A94: пн | B94: 45992 | C94: 0.4300463 | D94: Фиксация в кадре | E94: Трактор базы | F94: порожний | I94: E33149364_7_20251201T101916Z.jpg | J94: C:\ВИДЕОНАБЛЮДЕНИЕ\2 Пилорама поката\ | K94: 2 Пилорама поката\E33149364_7_20251201T101916Z.jpg | L94: пн 01.12.2025 — 10:19:16 | M94: =HYPERLINK(склад2въезд14[[#This Row],[RelativePath]]) -> 2 Пилорама поката\E33149364_7_20251201T101916Z.jpg
A95: пн | B95: 45992 | C95: 0.4418287 | D95: Фиксация в кадре | E95: Трактор базы | F95: опилки | I95: E33149364_7_20251201T103614Z.jpg | J95: C:\ВИДЕОНАБЛЮДЕНИЕ\2 Пилорама поката\ | K95: 2 Пилорама поката\E33149364_7_20251201T103614Z.jpg | L95: пн 01.12.2025 — 10:36:14 | M95: =HYPERLINK(склад2въезд14[[#This Row],[RelativePath]]) -> 2 Пилорама поката\E33149364_7_20251201T103614Z.jpg
A96: пн | B96: 45992 | C96: 0.44217593 | D96: Проезд, на новую площадку | E96: Трактор базы | F96: опилки | H96: для разгрузки | I96: E33149364_7_20251201T103644Z.jpg | J96: C:\ВИДЕОНАБЛЮДЕНИЕ\2 Пилорама поката\ | K96: 2 Пилорама поката\E33149364_7_20251201T103644Z.jpg | L96: пн 01.12.2025 — 10:36:44 | M96: =HYPERLINK(склад2въезд14[[#This Row],[RelativePath]]) -> 2 Пилорама поката\E33149364_7_20251201T103644Z.jpg
A97: пн | B97: 45992 | C97: 0.49241898 | D97: Фиксация в кадре | E97: Трактор базы | F97: старый брус | H97: для разгрузки у второго ангара | I97: E33149364_7_20251201T114905Z.jpg | J97: C:\ВИДЕОНАБЛЮДЕНИЕ\2 Пилорама поката\ | K97: 2 Пилорама поката\E33149364_7_20251201T114905Z.jpg | L97: пн 01.12.2025 — 11:49:05 | M97: =HYPERLINK(склад2въезд14[[#This Row],[RelativePath]]) -> 2 Пилорама поката\E33149364_7_20251201T114905Z.jpg
A98: пн | B98: 45992 | C98: 0.49318287 | D98: Фиксация в кадре | E98: Территория | I98: E33149364_7_20251201T115011Z.jpg | J98: C:\ВИДЕОНАБЛЮДЕНИЕ\2 Пилорама поката\ | K98: 2 Пилорама поката\E33149364_7_20251201T115011Z.jpg | L98: пн 01.12.2025 — 11:50:11 | M98: =HYPERLINK(склад2въезд14[[#This Row],[RelativePath]]) -> 2 Пилорама поката\E33149364_7_20251201T115011Z.jpg
A99: пн | B99: 45992 | C99: 0.50033565 | D99: Доставка | E99: Трактор базы | F99: бревна | G99: 2 | H99: окно приема бревен | I99: E33149364_7_20251201T120029Z.jpg | J99: C:\ВИДЕОНАБЛЮДЕНИЕ\2 Пилорама поката\ | K99: 2 Пилорама поката\E33149364_7_20251201T120029Z.jpg | L99: пн 01.12.2025 — 12:00:29 | M99: =HYPERLINK(склад2въезд14[[#This Row],[RelativePath]]) -> 2 Пилорама поката\E33149364_7_20251201T120029Z.jpg
A100: пн | B100: 45992 | C100: 0.50459491 | D100: Доставка | E100: Трактор базы | F100: бревна | G100: 1 | H100: окно приема бревен | I100: E33149364_7_20251201T120637Z.jpg | J100: C:\ВИДЕОНАБЛЮДЕНИЕ\2 Пилорама поката\ | K100: 2 Пилорама поката\E33149364_7_20251201T120637Z.jpg | L100: пн 01.12.2025 — 12:06:37 | M100: =HYPERLINK(склад2въезд14[[#This Row],[RelativePath]]) -> 2 Пилорама поката\E33149364_7_20251201T120637Z.jpg
...

Sheet 3 Парковка офиса
A1: День нед | B1: Дата | C1: Время | D1: Событие | E1: Объект | F1: Груз | G1: Кол-во | H1: Примечание | I1: Name | J1: Folder Path | K1: RelativePath | L1: Подпись | M1: Ссылка на фото
A2: пн | B2: 45971 | C2: 0.35270833 | D2: Фиксация в кадре | E2: Территория | I2: E33149364_8_20251110T082754Z.jpg | J2: C:\ВИДЕОНАБЛЮДЕНИЕ\3 Парковка офиса\ | K2: 3 Парковка офиса\E33149364_8_20251110T082754Z.jpg | L2: пн 10.11.2025 — 08:27:54 | M2: =HYPERLINK(склад2въезд18[[#This Row],[RelativePath]]) -> 3 Парковка офиса\E33149364_8_20251110T082754Z.jpg
A3: пн | B3: 45971 | C3: 0.37762731 | D3: Фиксация в кадре | E3: Территория | I3: E33149364_8_20251110T090347Z.jpg | J3: C:\ВИДЕОНАБЛЮДЕНИЕ\3 Парковка офиса\ | K3: 3 Парковка офиса\E33149364_8_20251110T090347Z.jpg | L3: пн 10.11.2025 — 09:03:47 | M3: =HYPERLINK(склад2въезд18[[#This Row],[RelativePath]]) -> 3 Парковка офиса\E33149364_8_20251110T090347Z.jpg
A4: пн | B4: 45971 | C4: 0.48642361 | D4: Фиксация в кадре | E4: Территория | I4: E33149364_8_20251110T114027Z.jpg | J4: C:\ВИДЕОНАБЛЮДЕНИЕ\3 Парковка офиса\ | K4: 3 Парковка офиса\E33149364_8_20251110T114027Z.jpg | L4: пн 10.11.2025 — 11:40:27 | M4: =HYPERLINK(склад2въезд18[[#This Row],[RelativePath]]) -> 3 Парковка офиса\E33149364_8_20251110T114027Z.jpg
A5: пн | B5: 45971 | C5: 0.50173611 | D5: Фиксация в кадре | E5: Территория | I5: E33149364_8_20251110T120230Z.jpg | J5: C:\ВИДЕОНАБЛЮДЕНИЕ\3 Парковка офиса\ | K5: 3 Парковка офиса\E33149364_8_20251110T120230Z.jpg | L5: пн 10.11.2025 — 12:02:30 | M5: =HYPERLINK(склад2въезд18[[#This Row],[RelativePath]]) -> 3 Парковка офиса\E33149364_8_20251110T120230Z.jpg
A6: пн | B6: 45971 | C6: 0.56997685 | D6: Фиксация в кадре | E6: Территория | I6: E33149364_8_20251110T134046Z.jpg | J6: C:\ВИДЕОНАБЛЮДЕНИЕ\3 Парковка офиса\ | K6: 3 Парковка офиса\E33149364_8_20251110T134046Z.jpg | L6: пн 10.11.2025 — 13:40:46 | M6: =HYPERLINK(склад2въезд18[[#This Row],[RelativePath]]) -> 3 Парковка офиса\E33149364_8_20251110T134046Z.jpg
A7: пн | B7: 45971 | C7: 0.7184375 | D7: Фиксация в кадре | E7: Территория | I7: E33149364_8_20251110T171433Z.jpg | J7: C:\ВИДЕОНАБЛЮДЕНИЕ\3 Парковка офиса\ | K7: 3 Парковка офиса\E33149364_8_20251110T171433Z.jpg | L7: пн 10.11.2025 — 17:14:33 | M7: =HYPERLINK(склад2въезд18[[#This Row],[RelativePath]]) -> 3 Парковка офиса\E33149364_8_20251110T171433Z.jpg
A8: вт | B8: 45972 | C8: 0.39150463 | D8: Фиксация в кадре | E8: Территория | I8: E33149364_8_20251111T092346Z.jpg | J8: C:\ВИДЕОНАБЛЮДЕНИЕ\3 Парковка офиса\ | K8: 3 Парковка офиса\E33149364_8_20251111T092346Z.jpg | L8: вт 11.11.2025 — 09:23:46 | M8: =HYPERLINK(склад2въезд18[[#This Row],[RelativePath]]) -> 3 Парковка офиса\E33149364_8_20251111T092346Z.jpg
A9: вт | B9: 45972 | C9: 0.44740741 | D9: Фиксация в кадре | E9: Территория | I9: E33149364_8_20251111T104416Z.jpg | J9: C:\ВИДЕОНАБЛЮДЕНИЕ\3 Парковка офиса\ | K9: 3 Парковка офиса\E33149364_8_20251111T104416Z.jpg | L9: вт 11.11.2025 — 10:44:16 | M9: =HYPERLINK(склад2въезд18[[#This Row],[RelativePath]]) -> 3 Парковка офиса\E33149364_8_20251111T104416Z.jpg
A10: вт | B10: 45972 | C10: 0.45055556 | D10: Фиксация в кадре | E10: Территория | I10: E33149364_8_20251111T104848Z.jpg | J10: C:\ВИДЕОНАБЛЮДЕНИЕ\3 Парковка офиса\ | K10: 3 Парковка офиса\E33149364_8_20251111T104848Z.jpg | L10: вт 11.11.2025 — 10:48:48 | M10: =HYPERLINK(склад2въезд18[[#This Row],[RelativePath]]) -> 3 Парковка офиса\E33149364_8_20251111T104848Z.jpg
A11: вт | B11: 45972 | C11: 0.48456019 | D11: Фиксация в кадре | E11: Территория | I11: E33149364_8_20251111T113746Z.jpg | J11: C:\ВИДЕОНАБЛЮДЕНИЕ\3 Парковка офиса\ | K11: 3 Парковка офиса\E33149364_8_20251111T113746Z.jpg | L11: вт 11.11.2025 — 11:37:46 | M11: =HYPERLINK(склад2въезд18[[#This Row],[RelativePath]]) -> 3 Парковка офиса\E33149364_8_20251111T113746Z.jpg
A12: вт | B12: 45972 | C12: 0.48466435 | D12: Фиксация в кадре | E12: Территория | I12: E33149364_8_20251111T113755Z.jpg | J12: C:\ВИДЕОНАБЛЮДЕНИЕ\3 Парковка офиса\ | K12: 3 Парковка офиса\E33149364_8_20251111T113755Z.jpg | L12: вт 11.11.2025 — 11:37:55 | M12: =HYPERLINK(склад2въезд18[[#This Row],[RelativePath]]) -> 3 Парковка офиса\E33149364_8_20251111T113755Z.jpg
A13: вт | B13: 45972 | C13: 0.53394676 | D13: Фиксация в кадре | E13: Территория | I13: E33149364_8_20251111T124853Z.jpg | J13: C:\ВИДЕОНАБЛЮДЕНИЕ\3 Парковка офиса\ | K13: 3 Парковка офиса\E33149364_8_20251111T124853Z.jpg | L13: вт 11.11.2025 — 12:48:53 | M13: =HYPERLINK(склад2въезд18[[#This Row],[RelativePath]]) -> 3 Парковка офиса\E33149364_8_20251111T124853Z.jpg
... A16: ср | B16: 45973 | C16: 0.6775463 | D16: Фиксация в кадре | E16: Территория | I16: E33149364_8_20251112T161540Z.jpg | J16: C:\ВИДЕОНАБЛЮДЕНИЕ\3 Парковка офиса\ | K16: 3 Парковка офиса\E33149364_8_20251112T161540Z.jpg | L16: ср 12.11.2025 — 16:15:40 | M16: =HYPERLINK(склад2въезд18[[#This Row],[RelativePath]]) -> 3 Парковка офиса\E33149364_8_20251112T161540Z.jpg
A17: ср | B17: 45973 | C17: 0.68575231 | D17: Загрузка | E17: Самосвал красный | F17: земля с территории | I17: E33149364_8_20251112T162729Z.jpg | J17: C:\ВИДЕОНАБЛЮДЕНИЕ\3 Парковка офиса\ | K17: 3 Парковка офиса\E33149364_8_20251112T162729Z.jpg | L17: ср 12.11.2025 — 16:27:29 | M17: =HYPERLINK(склад2въезд18[[#This Row],[RelativePath]]) -> 3 Парковка офиса\E33149364_8_20251112T162729Z.jpg
A18: ср | B18: 45973 | C18: 0.71013889 | D18: Фиксация в кадре | E18: Территория | I18: E33149364_8_20251112T170236Z.jpg | J18: C:\ВИДЕОНАБЛЮДЕНИЕ\3 Парковка офиса\ | K18: 3 Парковка офиса\E33149364_8_20251112T170236Z.jpg | L18: ср 12.11.2025 — 17:02:36 | M18: =HYPERLINK(склад2въезд18[[#This Row],[RelativePath]]) -> 3 Парковка офиса\E33149364_8_20251112T170236Z.jpg
A19: ср | B19: 45973 | C19: 0.73420139 | D19: Фиксация в кадре | E19: Территория | I19: E33149364_8_20251112T173715Z.jpg | J19: C:\ВИДЕОНАБЛЮДЕНИЕ\3 Парковка офиса\ | K19: 3 Парковка офиса\E33149364_8_20251112T173715Z.jpg | L19: ср 12.11.2025 — 17:37:15 | M19: =HYPERLINK(склад2въезд18[[#This Row],[RelativePath]]) -> 3 Парковка офиса\E33149364_8_20251112T173715Z.jpg
A20: чт | B20: 45974 | C20: 0.37181713 | D20: Фиксация в кадре | E20: Территория | I20: E33149364_8_20251113T085525Z.jpg | J20: C:\ВИДЕОНАБЛЮДЕНИЕ\3 Парковка офиса\ | K20: 3 Парковка офиса\E33149364_8_20251113T085525Z.jpg | L20: чт 13.11.2025 — 08:55:25 | M20: =HYPERLINK(склад2въезд18[[#This Row],[RelativePath]]) -> 3 Парковка офиса\E33149364_8_20251113T085525Z.jpg
A21: чт | B21: 45974 | C21: 0.39616898 | D21: Фиксация в кадре | E21: Территория | I21: E33149364_8_20251113T093029Z.jpg | J21: C:\ВИДЕОНАБЛЮДЕНИЕ\3 Парковка офиса\ | K21: 3 Парковка офиса\E33149364_8_20251113T093029Z.jpg | L21: чт 13.11.2025 — 09:30:29 | M21: =HYPERLINK(склад2въезд18[[#This Row],[RelativePath]]) -> 3 Парковка офиса\E33149364_8_20251113T093029Z.jpg
A22: чт | B22: 45974 | C22: 0.39884259 | D22: Фиксация в кадре | E22: Территория | I22: E33149364_8_20251113T093420Z.jpg | J22: C:\ВИДЕОНАБЛЮДЕНИЕ\3 Парковка офиса\ | K22: 3 Парковка офиса\E33149364_8_20251113T093420Z.jpg | L22: чт 13.11.2025 — 09:34:20 | M22: =HYPERLINK(склад2въезд18[[#This Row],[RelativePath]]) -> 3 Парковка офиса\E33149364_8_20251113T093420Z.jpg
A23: чт | B23: 45974 | C23: 0.52461806 | D23: Фиксация в кадре | E23: Территория | I23: E33149364_8_20251113T123527Z.jpg | J23: C:\ВИДЕОНАБЛЮДЕНИЕ\3 Парковка офиса\ | K23: 3 Парковка офиса\E33149364_8_20251113T123527Z.jpg | L23: чт 13.11.2025 — 12:35:27 | M23: =HYPERLINK(склад2въезд18[[#This Row],[RelativePath]]) -> 3 Парковка офиса\E33149364_8_20251113T123527Z.jpg
A24: чт | B24: 45974 | C24: 0.60538194 | D24: Фиксация в кадре | E24: Территория | I24: E33149364_8_20251113T143145Z.jpg | J24: C:\ВИДЕОНАБЛЮДЕНИЕ\3 Парковка офиса\ | K24: 3 Парковка офиса\E33149364_8_20251113T143145Z.jpg | L24: чт 13.11.2025 — 14:31:45 | M24: =HYPERLINK(склад2въезд18[[#This Row],[RelativePath]]) -> 3 Парковка офиса\E33149364_8_20251113T143145Z.jpg
A25: чт | B25: 45974 | C25: 0.72965278 | D25: Фиксация в кадре | E25: Территория | I25: E33149364_8_20251113T173042Z.jpg | J25: C:\ВИДЕОНАБЛЮДЕНИЕ\3 Парковка офиса\ | K25: 3 Парковка офиса\E33149364_8_20251113T173042Z.jpg | L25: чт 13.11.2025 — 17:30:42 | M25: =HYPERLINK(склад2въезд18[[#This Row],[RelativePath]]) -> 3 Парковка офиса\E33149364_8_20251113T173042Z.jpg
A26: пт | B26: 45975 | C26: 0.39704861 | D26: Фиксация в кадре | E26: Территория | I26: E33149364_8_20251114T093145Z.jpg | J26: C:\ВИДЕОНАБЛЮДЕНИЕ\3 Парковка офиса\ | K26: 3 Парковка офиса\E33149364_8_20251114T093145Z.jpg | L26: пт 14.11.2025 — 09:31:45 | M26: =HYPERLINK(склад2въезд18[[#This Row],[RelativePath]]) -> 3 Парковка офиса\E33149364_8_20251114T093145Z.jpg
A27: пт | B27: 45975 | C27: 0.55263889 | D27: Разгрузка | E27: Самосвал красный | F27: щебень | I27: E33149364_8_20251114T131548Z.jpg | J27: C:\ВИДЕОНАБЛЮДЕНИЕ\3 Парковка офиса\ | K27: 3 Парковка офиса\E33149364_8_20251114T131548Z.jpg | L27: пт 14.11.2025 — 13:15:48 | M27: =HYPERLINK(склад2въезд18[[#This Row],[RelativePath]]) -> 3 Парковка офиса\E33149364_8_20251114T131548Z.jpg
A28: пт | B28: 45975 | C28: 0.57384259 | D28: Фиксация в кадре | E28: Территория | I28: E33149364_8_20251114T134620Z.jpg | J28: C:\ВИДЕОНАБЛЮДЕНИЕ\3 Парковка офиса\ | K28: 3 Парковка офиса\E33149364_8_20251114T134620Z.jpg | L28: пт 14.11.2025 — 13:46:20 | M28: =HYPERLINK(склад2въезд18[[#This Row],[RelativePath]]) -> 3 Парковка офиса\E33149364_8_20251114T134620Z.jpg
A29: пт | B29: 45975 | C29: 0.7284375 | D29: Фиксация в кадре | E29: Территория | I29: E33149364_8_20251114T172857Z.jpg | J29: C:\ВИДЕОНАБЛЮДЕНИЕ\3 Парковка офиса\ | K29: 3 Парковка офиса\E33149364_8_20251114T172857Z.jpg | L29: пт 14.11.2025 — 17:28:57 | M29: =HYPERLINK(склад2въезд18[[#This Row],[RelativePath]]) -> 3 Парковка офиса\E33149364_8_20251114T172857Z.jpg
A30: сб | B30: 45976 | C30: 0.43643519 | D30: Фиксация в кадре | E30: Территория | I30: E33149364_8_20251115T102828Z.jpg | J30: C:\ВИДЕОНАБЛЮДЕНИЕ\3 Парковка офиса\ | K30: 3 Парковка офиса\E33149364_8_20251115T102828Z.jpg | L30: сб 15.11.2025 — 10:28:28 | M30: =HYPERLINK(склад2въезд18[[#This Row],[RelativePath]]) -> 3 Парковка офиса\E33149364_8_20251115T102828Z.jpg
A31: сб | B31: 45976 | C31: 0.46833333 | D31: Фиксация в кадре | E31: Территория, работа трактора | H31: начало работы | I31: E33149364_8_20251115T111424Z.jpg | J31: C:\ВИДЕОНАБЛЮДЕНИЕ\3 Парковка офиса\ | K31: 3 Парковка офиса\E33149364_8_20251115T111424Z.jpg | L31: сб 15.11.2025 — 11:14:24 | M31: =HYPERLINK(склад2въезд18[[#This Row],[RelativePath]]) -> 3 Парковка офиса\E33149364_8_20251115T111424Z.jpg
A32: сб | B32: 45976 | C32: 0.4975 | D32: Фиксация в кадре | E32: Территория, работа трактора | H32: окончание работы | I32: E33149364_8_20251115T115624Z.jpg | J32: C:\ВИДЕОНАБЛЮДЕНИЕ\3 Парковка офиса\ | K32: 3 Парковка офиса\E33149364_8_20251115T115624Z.jpg | L32: сб 15.11.2025 — 11:56:24 | M32: =HYPERLINK(склад2въезд18[[#This Row],[RelativePath]]) -> 3 Парковка офиса\E33149364_8_20251115T115624Z.jpg
A33: сб | B33: 45976 | C33: 0.63564815 | D33: Фиксация в кадре | E33: Легковой с прицепом | H33: рядом с отрезками бревен | I33: E33149364_8_20251115T151520Z.jpg | J33: C:\ВИДЕОНАБЛЮДЕНИЕ\3 Парковка офиса\ | K33: 3 Парковка офиса\E33149364_8_20251115T151520Z.jpg | L33: сб 15.11.2025 — 15:15:20 | M33: =HYPERLINK(склад2въезд18[[#This Row],[RelativePath]]) -> 3 Парковка офиса\E33149364_8_20251115T151520Z.jpg
A34: сб | B34: 45976 | C34: 0.64347222 | D34: Фиксация в кадре | E34: Территория | I34: E33149364_8_20251115T152636Z.jpg | J34: C:\ВИДЕОНАБЛЮДЕНИЕ\3 Парковка офиса\ | K34: 3 Парковка офиса\E33149364_8_20251115T152636Z.jpg | L34: сб 15.11.2025 — 15:26:36 | M34: =HYPERLINK(склад2въезд18[[#This Row],[RelativePath]]) -> 3 Парковка офиса\E33149364_8_20251115T152636Z.jpg
A35: сб | B35: 45976 | C35: 0.72960648 | D35: Фиксация в кадре | E35: Территория | H35: конец дня | I35: E33149364_8_20251115T173038Z.jpg | J35: C:\ВИДЕОНАБЛЮДЕНИЕ\3 Парковка офиса\ | K35: 3 Парковка офиса\E33149364_8_20251115T173038Z.jpg | L35: сб 15.11.2025 — 17:30:38 | M35: =HYPERLINK(склад2въезд18[[#This Row],[RelativePath]]) -> 3 Парковка офиса\E33149364_8_20251115T173038Z.jpg
A36: вс | B36: 45977 | C36: 0.36952546 | D36: Фиксация в кадре | E36: Территория | H36: начало дня | I36: E33149364_8_20251116T085207Z.jpg | J36: C:\ВИДЕОНАБЛЮДЕНИЕ\3 Парковка офиса\ | K36: 3 Парковка офиса\E33149364_8_20251116T085207Z.jpg | L36: вс 16.11.2025 — 08:52:07 | M36: =HYPERLINK(склад2въезд18[[#This Row],[RelativePath]]) -> 3 Парковка офиса\E33149364_8_20251116T085207Z.jpg
A37: вс | B37: 45977 | C37: 0.59351852 | D37: Фиксация в кадре | E37: Территория | H37: без событий | I37: E33149364_8_20251116T141440Z.jpg | J37: C:\ВИДЕОНАБЛЮДЕНИЕ\3 Парковка офиса\ | K37: 3 Парковка офиса\E33149364_8_20251116T141440Z.jpg | L37: вс 16.11.2025 — 14:14:40 | M37: =HYPERLINK(склад2въезд18[[#This Row],[RelativePath]]) -> 3 Парковка офиса\E33149364_8_20251116T141440Z.jpg
A38: вс | B38: 45977 | C38: 0.71975694 | D38: Фиксация в кадре | E38: Территория | H38: конец дня | I38: E33149364_8_20251116T171627Z.jpg | J38: C:\ВИДЕОНАБЛЮДЕНИЕ\3 Парковка офиса\ | K38: 3 Парковка офиса\E33149364_8_20251116T171627Z.jpg | L38: вс 16.11.2025 — 17:16:27 | M38: =HYPERLINK(склад2въезд18[[#This Row],[RelativePath]]) -> 3 Парковка офиса\E33149364_8_20251116T171627Z.jpg
A39: пн | B39: 45978 | C39: 0.72520833 | D39: без событий | I39: E33149364_8_20251117T172418Z.jpg | J39: C:\ВИДЕОНАБЛЮДЕНИЕ\3 Парковка офиса\ | K39: 3 Парковка офиса\E33149364_8_20251117T172418Z.jpg | L39: пн 17.11.2025 — 17:24:18 | M39: =HYPERLINK(склад2въезд18[[#This Row],[RelativePath]]) -> 3 Парковка офиса\E33149364_8_20251117T172418Z.jpg
A40: вт | B40: 45979 | C40: 0.37560185 | D40: Фиксация в кадре | E40: Территория | I40: E33149364_8_20251118T090052Z.jpg | J40: C:\ВИДЕОНАБЛЮДЕНИЕ\3 Парковка офиса\ | K40: 3 Парковка офиса\E33149364_8_20251118T090052Z.jpg | L40: вт 18.11.2025 — 09:00:52 | M40: =HYPERLINK(склад2въезд18[[#This Row],[RelativePath]]) -> 3 Парковка офиса\E33149364_8_20251118T090052Z.jpg
A41: вт | B41: 45979 | C41: 0.58296296 | D41: Загрузка | E41: Легковая | F41: доски | H41: на крыше | I41: E33149364_8_20251118T135928Z.jpg | J41: C:\ВИДЕОНАБЛЮДЕНИЕ\3 Парковка офиса\ | K41: 3 Парковка офиса\E33149364_8_20251118T135928Z.jpg | L41: вт 18.11.2025 — 13:59:28 | M41: =HYPERLINK(склад2въезд18[[#This Row],[RelativePath]]) -> 3 Парковка офиса\E33149364_8_20251118T135928Z.jpg
A42: ср | B42: 45980 | C42: 0.49180556 | D42: Фиксация в кадре | E42: Территория | I42: E33149364_8_20251119T114812Z.jpg | J42: C:\ВИДЕОНАБЛЮДЕНИЕ\3 Парковка офиса\ | K42: 3 Парковка офиса\E33149364_8_20251119T114812Z.jpg | L42: ср 19.11.2025 — 11:48:12 | M42: =HYPERLINK(склад2въезд18[[#This Row],[RelativePath]]) -> 3 Парковка офиса\E33149364_8_20251119T114812Z.jpg
A43: чт | B43: 45981 | C43: 0.60149306 | D43: Фиксация в кадре | E43: Территория | I43: E33149364_8_20251120T142609Z.jpg | J43: C:\ВИДЕОНАБЛЮДЕНИЕ\3 Парковка офиса\ | K43: 3 Парковка офиса\E33149364_8_20251120T142609Z.jpg | L43: чт 20.11.2025 — 14:26:09 | M43: =HYPERLINK(склад2въезд18[[#This Row],[RelativePath]]) -> 3 Парковка офиса\E33149364_8_20251120T142609Z.jpg
A44: чт | B44: 45981 | C44: 0.72138889 | D44: Фиксация в кадре | E44: Территория | I44: E33149364_8_20251120T171848Z.jpg | J44: C:\ВИДЕОНАБЛЮДЕНИЕ\3 Парковка офиса\ | K44: 3 Парковка офиса\E33149364_8_20251120T171848Z.jpg | L44: чт 20.11.2025 — 17:18:48 | M44: =HYPERLINK(склад2въезд18[[#This Row],[RelativePath]]) -> 3 Парковка офиса\E33149364_8_20251120T171848Z.jpg
A45: пт | B45: 45982 | C45: 0.44034722 | D45: Загрузка | E45: Легковая | F45: доска | H45: багажник | I45: E33149364_8_20251121T103406Z.jpg | J45: C:\ВИДЕОНАБЛЮДЕНИЕ\3 Парковка офиса\ | K45: 3 Парковка офиса\E33149364_8_20251121T103406Z.jpg | L45: пт 21.11.2025 — 10:34:06 | M45: =HYPERLINK(склад2въезд18[[#This Row],[RelativePath]]) -> 3 Парковка офиса\E33149364_8_20251121T103406Z.jpg
A46: пт | B46: 45982 | C46: 0.72569444 | D46: Фиксация в кадре | E46: Территория | I46: E33149364_8_20251121T172500Z.jpg | J46: C:\ВИДЕОНАБЛЮДЕНИЕ\3 Парковка офиса\ | K46: 3 Парковка офиса\E33149364_8_20251121T172500Z.jpg | L46: пт 21.11.2025 — 17:25:00 | M46: =HYPERLINK(склад2въезд18[[#This Row],[RelativePath]]) -> 3 Парковка офиса\E33149364_8_20251121T172500Z.jpg
A47: сб | B47: 45983 | C47: 0.72243056 | D47: без событий | I47: E33149364_8_20251122T172018Z.jpg | J47: C:\ВИДЕОНАБЛЮДЕНИЕ\3 Парковка офиса\ | K47: 3 Парковка офиса\E33149364_8_20251122T172018Z.jpg | L47: сб 22.11.2025 — 17:20:18 | M47: =HYPERLINK(склад2въезд18[[#This Row],[RelativePath]]) -> 3 Парковка офиса\E33149364_8_20251122T172018Z.jpg
A48: вс | B48: 45984 | C48: 0.67787037 | D48: без событий | I48: E33149364_8_20251123T161608Z.jpg | J48: C:\ВИДЕОНАБЛЮДЕНИЕ\3 Парковка офиса\ | K48: 3 Парковка офиса\E33149364_8_20251123T161608Z.jpg | L48: вс 23.11.2025 — 16:16:08 | M48: =HYPERLINK(склад2въезд18[[#This Row],[RelativePath]]) -> 3 Парковка офиса\E33149364_8_20251123T161608Z.jpg
A49: пн | B49: 45985 | C49: 0.44565972 | D49: Фиксация в кадре | E49: Территория | I49: E33149364_8_20251124T104145Z.jpg | J49: C:\ВИДЕОНАБЛЮДЕНИЕ\3 Парковка офиса\ | K49: 3 Парковка офиса\E33149364_8_20251124T104145Z.jpg | L49: пн 24.11.2025 — 10:41:45 | M49: =HYPERLINK(склад2въезд18[[#This Row],[RelativePath]]) -> 3 Парковка офиса\E33149364_8_20251124T104145Z.jpg
A50: пн | B50: 45985 | C50: 0.56355324 | D50: Фиксация в кадре | E50: Территория | I50: E33149364_8_20251124T133131Z.jpg | J50: C:\ВИДЕОНАБЛЮДЕНИЕ\3 Парковка офиса\ | K50: 3 Парковка офиса\E33149364_8_20251124T133131Z.jpg | L50: пн 24.11.2025 — 13:31:31 | M50: =HYPERLINK(склад2въезд18[[#This Row],[RelativePath]]) -> 3 Парковка офиса\E33149364_8_20251124T133131Z.jpg
A51: пн | B51: 45985 | C51: 0.73635417 | D51: Фиксация в кадре | E51: Газель базы | F51: доски | I51: E33149364_8_20251124T174021Z.jpg | J51: C:\ВИДЕОНАБЛЮДЕНИЕ\3 Парковка офиса\ | K51: 3 Парковка офиса\E33149364_8_20251124T174021Z.jpg | L51: пн 24.11.2025 — 17:40:21 | M51: =HYPERLINK(склад2въезд18[[#This Row],[RelativePath]]) -> 3 Парковка офиса\E33149364_8_20251124T174021Z.jpg
A52: пн | B52: 45985 | C52: 0.75795139 | D52: Фиксация в кадре | E52: Газель базы | F52: порожний | H52: разгрузился на новой площадке около сушилки | I52: E33149364_8_20251124T181127Z.jpg | J52: C:\ВИДЕОНАБЛЮДЕНИЕ\3 Парковка офиса\ | K52: 3 Парковка офиса\E33149364_8_20251124T181127Z.jpg | L52: пн 24.11.2025 — 18:11:27 | M52: =HYPERLINK(склад2въезд18[[#This Row],[RelativePath]]) -> 3 Парковка офиса\E33149364_8_20251124T181127Z.jpg
A53: вт | B53: 45986 | C53: 0.5118287 | D53: Фиксация в кадре | E53: Территория | I53: E33149364_8_20251125T121702Z.jpg | J53: C:\ВИДЕОНАБЛЮДЕНИЕ\3 Парковка офиса\ | K53: 3 Парковка офиса\E33149364_8_20251125T121702Z.jpg | L53: вт 25.11.2025 — 12:17:02 | M53: =HYPERLINK(склад2въезд18[[#This Row],[RelativePath]]) -> 3 Парковка офиса\E33149364_8_20251125T121702Z.jpg
A54: вт | B54: 45986 | C54: 0.69212963 | D54: без событий | I54: E33149364_8_20251125T163640Z.jpg | J54: C:\ВИДЕОНАБЛЮДЕНИЕ\3 Парковка офиса\ | K54: 3 Парковка офиса\E33149364_8_20251125T163640Z.jpg | L54: вт 25.11.2025 — 16:36:40 | M54: =HYPERLINK(склад2въезд18[[#This Row],[RelativePath]]) -> 3 Парковка офиса\E33149364_8_20251125T163640Z.jpg
A55: ср | B55: 45987 | C55: 0.45251157 | D55: Фиксация в кадре | E55: Газель фургон, белая кабина, серый тент | F55: доски | I55: E33149364_8_20251126T105137Z.jpg | J55: C:\ВИДЕОНАБЛЮДЕНИЕ\3 Парковка офиса\ | K55: 3 Парковка офиса\E33149364_8_20251126T105137Z.jpg | L55: ср 26.11.2025 — 10:51:37 | M55: =HYPERLINK(склад2въезд18[[#This Row],[RelativePath]]) -> 3 Парковка офиса\E33149364_8_20251126T105137Z.jpg
A56: ср | B56: 45987 | C56: 0.51675926 | D56: Фиксация в кадре | E56: Территория | I56: E33149364_8_20251126T122408Z.jpg | J56: C:\ВИДЕОНАБЛЮДЕНИЕ\3 Парковка офиса\ | K56: 3 Парковка офиса\E33149364_8_20251126T122408Z.jpg | L56: ср 26.11.2025 — 12:24:08 | M56: =HYPERLINK(склад2въезд18[[#This Row],[RelativePath]]) -> 3 Парковка офиса\E33149364_8_20251126T122408Z.jpg
A57: чт | B57: 45988 | C57: 0.4802662 | D57: Фиксация в кадре | E57: Территория | I57: E33149364_8_20251127T113135Z.jpg | J57: C:\ВИДЕОНАБЛЮДЕНИЕ\3 Парковка офиса\ | K57: 3 Парковка офиса\E33149364_8_20251127T113135Z.jpg | L57: чт 27.11.2025 — 11:31:35 | M57: =HYPERLINK(склад2въезд18[[#This Row],[RelativePath]]) -> 3 Парковка офиса\E33149364_8_20251127T113135Z.jpg
A58: чт | B58: 45988 | C58: 0.69488426 | D58: без событий | I58: E33149364_8_20251127T164038Z.jpg | J58: C:\ВИДЕОНАБЛЮДЕНИЕ\3 Парковка офиса\ | K58: 3 Парковка офиса\E33149364_8_20251127T164038Z.jpg | L58: чт 27.11.2025 — 16:40:38 | M58: =HYPERLINK(склад2въезд18[[#This Row],[RelativePath]]) -> 3 Парковка офиса\E33149364_8_20251127T164038Z.jpg
A59: пт | B59: 45989 | C59: 0.46827546 | D59: Фиксация в кадре | E59: Территория | I59: E33149364_8_20251128T111419Z.jpg | J59: C:\ВИДЕОНАБЛЮДЕНИЕ\3 Парковка офиса\ | K59: 3 Парковка офиса\E33149364_8_20251128T111419Z.jpg | L59: пт 28.11.2025 — 11:14:19 | M59: =HYPERLINK(склад2въезд18[[#This Row],[RelativePath]]) -> 3 Парковка офиса\E33149364_8_20251128T111419Z.jpg
A60: пт | B60: 45989 | C60: 0.7084838 | D60: без событий | I60: E33149364_8_20251128T170013Z.jpg | J60: C:\ВИДЕОНАБЛЮДЕНИЕ\3 Парковка офиса\ | K60: 3 Парковка офиса\E33149364_8_20251128T170013Z.jpg | L60: пт 28.11.2025 — 17:00:13 | M60: =HYPERLINK(склад2въезд18[[#This Row],[RelativePath]]) -> 3 Парковка офиса\E33149364_8_20251128T170013Z.jpg
A61: сб | B61: 45990 | C61: 0.52615741 | D61: Фиксация в кадре | E61: Территория | I61: E33149364_8_20251129T123740Z.jpg | J61: C:\ВИДЕОНАБЛЮДЕНИЕ\3 Парковка офиса\ | K61: 3 Парковка офиса\E33149364_8_20251129T123740Z.jpg | L61: сб 29.11.2025 — 12:37:40 | M61: =HYPERLINK(склад2въезд18[[#This Row],[RelativePath]]) -> 3 Парковка офиса\E33149364_8_20251129T123740Z.jpg
A62: сб | B62: 45990 | C62: 0.64961806 | D62: Загрузка | E62: Легковая | F62: мешки с опилками | G62: 4 | I62: E33149364_8_20251129T153527Z.jpg | J62: C:\ВИДЕОНАБЛЮДЕНИЕ\3 Парковка офиса\ | K62: 3 Парковка офиса\E33149364_8_20251129T153527Z.jpg | L62: сб 29.11.2025 — 15:35:27 | M62: =HYPERLINK(склад2въезд18[[#This Row],[RelativePath]]) -> 3 Парковка офиса\E33149364_8_20251129T153527Z.jpg
A63: сб | B63: 45990 | C63: 0.7156713 | D63: Фиксация в кадре | E63: Оранжевый КАМАЗ лесовоз с краном | F63: бревна сруба | I63: E33149364_8_20251129T171034Z.jpg | J63: C:\ВИДЕОНАБЛЮДЕНИЕ\3 Парковка офиса\ | K63: 3 Парковка офиса\E33149364_8_20251129T171034Z.jpg | L63: сб 29.11.2025 — 17:10:34 | M63: =HYPERLINK(склад2въезд18[[#This Row],[RelativePath]]) -> 3 Парковка офиса\E33149364_8_20251129T171034Z.jpg
A64: вс | B64: 45991 | C64: 0.69825231 | D64: без событий | I64: E33149364_8_20251130T164529Z.jpg | J64: C:\ВИДЕОНАБЛЮДЕНИЕ\3 Парковка офиса\ | K64: 3 Парковка офиса\E33149364_8_20251130T164529Z.jpg | L64: вс 30.11.2025 — 16:45:29 | M64: =HYPERLINK(склад2въезд18[[#This Row],[RelativePath]]) -> 3 Парковка офиса\E33149364_8_20251130T164529Z.jpg
A65: пн | B65: 45992 | C65: 0.44055556 | D65: Фиксация в кадре | E65: Территория | I65: E33149364_8_20251201T103424Z.jpg | J65: C:\ВИДЕОНАБЛЮДЕНИЕ\3 Парковка офиса\ | K65: 3 Парковка офиса\E33149364_8_20251201T103424Z.jpg | L65: пн 01.12.2025 — 10:34:24 | M65: =HYPERLINK(склад2въезд18[[#This Row],[RelativePath]]) -> 3 Парковка офиса\E33149364_8_20251201T103424Z.jpg
A66: пн | B66: 45992 | C66: 0.869375 | D66: Фиксация в кадре | E66: Оранжевый КАМАЗ лесовоз с краном | H66: разгрузка | I66: E33149364_8_20251201T205154Z.jpg | J66: C:\ВИДЕОНАБЛЮДЕНИЕ\3 Парковка офиса\ | K66: 3 Парковка офиса\E33149364_8_20251201T205154Z.jpg | L66: пн 01.12.2025 — 20:51:54 | M66: =HYPERLINK(склад2въезд18[[#This Row],[RelativePath]]) -> 3 Парковка офиса\E33149364_8_20251201T205154Z.jpg
A67: вт | B67: 45993 | C67: 0.59391204 | D67: Фиксация в кадре | E67: Территория | I67: E33149364_8_20251202T141514Z.jpg | J67: C:\ВИДЕОНАБЛЮДЕНИЕ\3 Парковка офиса\ | K67: 3 Парковка офиса\E33149364_8_20251202T141514Z.jpg | L67: вт 02.12.2025 — 14:15:14 | M67: =HYPERLINK(склад2въезд18[[#This Row],[RelativePath]]) -> 3 Парковка офиса\E33149364_8_20251202T141514Z.jpg
A68: ср | B68: 45994 | C68: 0.63190972 | D68: Фиксация в кадре | E68: Территория | I68: E33149364_8_20251203T150957Z.jpg | J68: C:\ВИДЕОНАБЛЮДЕНИЕ\3 Парковка офиса\ | K68: 3 Парковка офиса\E33149364_8_20251203T150957Z.jpg | L68: ср 03.12.2025 — 15:09:57 | M68: =HYPERLINK(склад2въезд18[[#This Row],[RelativePath]]) -> 3 Парковка офиса\E33149364_8_20251203T150957Z.jpg
A69: чт | B69: 45995 | C69: 0.51865741 | D69: Загрузка | E69: Легковая | F69: мешки с опилками | G69: 3 | I69: E33149364_8_20251204T122652Z.jpg | J69: C:\ВИДЕОНАБЛЮДЕНИЕ\3 Парковка офиса\ | K69: 3 Парковка офиса\E33149364_8_20251204T122652Z.jpg | L69: чт 04.12.2025 — 12:26:52 | M69: =HYPERLINK(склад2въезд18[[#This Row],[RelativePath]]) -> 3 Парковка офиса\E33149364_8_20251204T122652Z.jpg
A70: пт | B70: 45996 | C70: 0.59951389 | D70: Фиксация в кадре | E70: Территория | I70: E33149364_8_20251205T142318Z.jpg | J70: C:\ВИДЕОНАБЛЮДЕНИЕ\3 Парковка офиса\ | K70: 3 Парковка офиса\E33149364_8_20251205T142318Z.jpg | L70: пт 05.12.2025 — 14:23:18 | M70: =HYPERLINK(склад2въезд18[[#This Row],[RelativePath]]) -> 3 Парковка офиса\E33149364_8_20251205T142318Z.jpg
A71: сб | B71: 45997 | C71: 0.65668981 | D71: без событий | I71: E33149364_8_20251206T154538Z.jpg | J71: C:\ВИДЕОНАБЛЮДЕНИЕ\3 Парковка офиса\ | K71: 3 Парковка офиса\E33149364_8_20251206T154538Z.jpg | L71: сб 06.12.2025 — 15:45:38 | M71: =HYPERLINK(склад2въезд18[[#This Row],[RelativePath]]) -> 3 Парковка офиса\E33149364_8_20251206T154538Z.jpg
A72: вс | B72: 45998 | C72: 0.67315972 | D72: Фиксация в кадре | E72: Выезд КАМАЗА с КМУ | F72: груженный | I72: E33149364_8_20251207T160921Z.jpg | J72: C:\ВИДЕОНАБЛЮДЕНИЕ\3 Парковка офиса\ | K72: 3 Парковка офиса\E33149364_8_20251207T160921Z.jpg | L72: вс 07.12.2025 — 16:09:21 | M72: =HYPERLINK(склад2въезд18[[#This Row],[RelativePath]]) -> 3 Парковка офиса\E33149364_8_20251207T160921Z.jpg
A73: пн | B73: 45999 | C73: 0.49609954 | D73: Фиксация в кадре | E73: Территория | I73: E33149364_8_20251208T115423Z.jpg | J73: C:\ВИДЕОНАБЛЮДЕНИЕ\3 Парковка офиса\ | K73: 3 Парковка офиса\E33149364_8_20251208T115423Z.jpg | L73: пн 08.12.2025 — 11:54:23 | M73: =HYPERLINK(склад2въезд18[[#This Row],[RelativePath]]) -> 3 Парковка офиса\E33149364_8_20251208T115423Z.jpg
A74: пн | B74: 45999 | C74: 0.69165509 | D74: без событий | I74: E33149364_8_20251208T163559Z.jpg | J74: C:\ВИДЕОНАБЛЮДЕНИЕ\3 Парковка офиса\ | K74: 3 Парковка офиса\E33149364_8_20251208T163559Z.jpg | L74: пн 08.12.2025 — 16:35:59 | M74: =HYPERLINK(склад2въезд18[[#This Row],[RelativePath]]) -> 3 Парковка офиса\E33149364_8_20251208T163559Z.jpg
A75: вт | B75: 46000 | C75: 0.51105324 | D75: Фиксация в кадре | E75: Территория | I75: E33149364_8_20251209T121555Z.jpg | J75: C:\ВИДЕОНАБЛЮДЕНИЕ\3 Парковка офиса\ | K75: 3 Парковка офиса\E33149364_8_20251209T121555Z.jpg | L75: вт 09.12.2025 — 12:15:55 | M75: =HYPERLINK(склад2въезд18[[#This Row],[RelativePath]]) -> 3 Парковка офиса\E33149364_8_20251209T121555Z.jpg
A76: вт | B76: 46000 | C76: 0.5403125 | D76: Фиксация в кадре | E76: Территория | I76: E33149364_8_20251209T125803Z.jpg | J76: C:\ВИДЕОНАБЛЮДЕНИЕ\3 Парковка офиса\ | K76: 3 Парковка офиса\E33149364_8_20251209T125803Z.jpg | L76: вт 09.12.2025 — 12:58:03 | M76: =HYPERLINK(склад2въезд18[[#This Row],[RelativePath]]) -> 3 Парковка офиса\E33149364_8_20251209T125803Z.jpg
A77: вт | B77: 46000 | C77: 0.71246528 | D77: Фиксация в кадре | E77: Территория | I77: E33149364_8_20251209T170557Z.jpg | J77: C:\ВИДЕОНАБЛЮДЕНИЕ\3 Парковка офиса\ | K77: 3 Парковка офиса\E33149364_8_20251209T170557Z.jpg | L77: вт 09.12.2025 — 17:05:57 | M77: =HYPERLINK(склад2въезд18[[#This Row],[RelativePath]]) -> 3 Парковка офиса\E33149364_8_20251209T170557Z.jpg
A78: ср | B78: 46001 | C78: 0.63738426 | D78: без событий | E78: Территория | I78: E33149364_8_20251210T151750Z.jpg | J78: C:\ВИДЕОНАБЛЮДЕНИЕ\3 Парковка офиса\ | K78: 3 Парковка офиса\E33149364_8_20251210T151750Z.jpg | L78: ср 10.12.2025 — 15:17:50 | M78: =HYPERLINK(склад2въезд18[[#This Row],[RelativePath]]) -> 3 Парковка офиса\E33149364_8_20251210T151750Z.jpg
A79: чт | B79: 46002 | C79: 0.56204861 | D79: Фиксация в кадре | E79: Территория | I79: E33149364_8_20251211T132921Z.jpg | J79: C:\ВИДЕОНАБЛЮДЕНИЕ\3 Парковка офиса\ | K79: 3 Парковка офиса\E33149364_8_20251211T132921Z.jpg | L79: чт 11.12.2025 — 13:29:21 | M79: =HYPERLINK(склад2въезд18[[#This Row],[RelativePath]]) -> 3 Парковка офиса\E33149364_8_20251211T132921Z.jpg
A80: чт | B80: 46002 | C80: 0.67108796 | D80: без событий | E80: Территория | I80: E33149364_8_20251211T160622Z.jpg | J80: C:\ВИДЕОНАБЛЮДЕНИЕ\3 Парковка офиса\ | K80: 3 Парковка офиса\E33149364_8_20251211T160622Z.jpg | L80: чт 11.12.2025 — 16:06:22 | M80: =HYPERLINK(склад2въезд18[[#This Row],[RelativePath]]) -> 3 Парковка офиса\E33149364_8_20251211T160622Z.jpg
A81: пт | B81: 46003 | C81: 0.48292824 | D81: без событий | E81: Территория | I81: E33149364_8_20251212T113525Z.jpg | J81: C:\ВИДЕОНАБЛЮДЕНИЕ\3 Парковка офиса\ | K81: 3 Парковка офиса\E33149364_8_20251212T113525Z.jpg | L81: пт 12.12.2025 — 11:35:25 | M81: =HYPERLINK(склад2въезд18[[#This Row],[RelativePath]]) -> 3 Парковка офиса\E33149364_8_20251212T113525Z.jpg
A82: сб | B82: 46004 | C82: 0.40824074 | D82: Фиксация в кадре | E82: Территория | I82: E33149364_8_20251213T094752Z.jpg | J82: C:\ВИДЕОНАБЛЮДЕНИЕ\3 Парковка офиса\ | K82: 3 Парковка офиса\E33149364_8_20251213T094752Z.jpg | L82: сб 13.12.2025 — 09:47:52 | M82: =HYPERLINK(склад2въезд18[[#This Row],[RelativePath]]) -> 3 Парковка офиса\E33149364_8_20251213T094752Z.jpg
A83: сб | B83: 46004 | C83: 0.5330787 | D83: Фиксация в кадре | E83: Территория | I83: E33149364_8_20251213T124738Z.jpg | J83: C:\ВИДЕОНАБЛЮДЕНИЕ\3 Парковка офиса\ | K83: 3 Парковка офиса\E33149364_8_20251213T124738Z.jpg | L83: сб 13.12.2025 — 12:47:38 | M83: =HYPERLINK(склад2въезд18[[#This Row],[RelativePath]]) -> 3 Парковка офиса\E33149364_8_20251213T124738Z.jpg
A84: сб | B84: 46004 | C84: 0.71127315 | D84: Фиксация в кадре | E84: Территория | I84: E33149364_8_20251213T170414Z.jpg | J84: C:\ВИДЕОНАБЛЮДЕНИЕ\3 Парковка офиса\ | K84: 3 Парковка офиса\E33149364_8_20251213T170414Z.jpg | L84: сб 13.12.2025 — 17:04:14 | M84: =HYPERLINK(склад2въезд18[[#This Row],[RelativePath]]) -> 3 Парковка офиса\E33149364_8_20251213T170414Z.jpg
A85: вс | B85: 46005 | C85: 0.68476852 | D85: без событий | E85: Территория | I85: E33149364_8_20251214T162604Z.jpg | J85: C:\ВИДЕОНАБЛЮДЕНИЕ\3 Парковка офиса\ | K85: 3 Парковка офиса\E33149364_8_20251214T162604Z.jpg | L85: вс 14.12.2025 — 16:26:04 | M85: =HYPERLINK(склад2въезд18[[#This Row],[RelativePath]]) -> 3 Парковка офиса\E33149364_8_20251214T162604Z.jpg
A86: пн | B86: 46006 | C86: 0.51256944 | D86: Фиксация в кадре | E86: Территория | I86: E33149364_8_20251215T121806Z.jpg | J86: C:\ВИДЕОНАБЛЮДЕНИЕ\3 Парковка офиса\ | K86: 3 Парковка офиса\E33149364_8_20251215T121806Z.jpg | L86: пн 15.12.2025 — 12:18:06 | M86: =HYPERLINK(склад2въезд18[[#This Row],[RelativePath]]) -> 3 Парковка офиса\E33149364_8_20251215T121806Z.jpg
... A94: вт | B94: 46014 | C94: 0.71491898 | D94: Фиксация в кадре | E94: Территория | I94: E33149364_8_20251223T170929Z.jpg | J94: C:\ВИДЕОНАБЛЮДЕНИЕ\3 Парковка офиса\ | K94: 3 Парковка офиса\E33149364_8_20251223T170929Z.jpg | L94: вт 23.12.2025 — 17:09:29 | M94: =HYPERLINK(склад2въезд18[[#This Row],[RelativePath]]) -> 3 Парковка офиса\E33149364_8_20251223T170929Z.jpg
A95: вт | B95: 46014 | C95: 0.81587963 | D95: Фиксация в кадре | E95: Лесовоз | F95: порожний | I95: E33149364_8_20251223T193452Z.jpg | J95: C:\ВИДЕОНАБЛЮДЕНИЕ\3 Парковка офиса\ | K95: 3 Парковка офиса\E33149364_8_20251223T193452Z.jpg | L95: вт 23.12.2025 — 19:34:52 | M95: =HYPERLINK(склад2въезд18[[#This Row],[RelativePath]]) -> 3 Парковка офиса\E33149364_8_20251223T193452Z.jpg
A96: ср | B96: 46015 | C96: 0.50621528 | D96: без событий | E96: Территория | I96: E33149364_8_20251224T120857Z.jpg | J96: C:\ВИДЕОНАБЛЮДЕНИЕ\3 Парковка офиса\ | K96: 3 Парковка офиса\E33149364_8_20251224T120857Z.jpg | L96: ср 24.12.2025 — 12:08:57 | M96: =HYPERLINK(склад2въезд18[[#This Row],[RelativePath]]) -> 3 Парковка офиса\E33149364_8_20251224T120857Z.jpg
A97: чт | B97: 46016 | C97: 0.38068287 | D97: Фиксация в кадре | E97: MAN TGA лесовоз с прицепом | F97: бревна | I97: E33149364_8_20251225T090811Z.jpg | J97: C:\ВИДЕОНАБЛЮДЕНИЕ\3 Парковка офиса\ | K97: 3 Парковка офиса\E33149364_8_20251225T090811Z.jpg | L97: чт 25.12.2025 — 09:08:11 | M97: =HYPERLINK(склад2въезд18[[#This Row],[RelativePath]]) -> 3 Парковка офиса\E33149364_8_20251225T090811Z.jpg
A98: чт | B98: 46016 | C98: 0.46594907 | D98: Фиксация в кадре | E98: MAN TGA лесовоз с прицепом | F98: порожний | I98: E33149364_8_20251225T111058Z.jpg | J98: C:\ВИДЕОНАБЛЮДЕНИЕ\3 Парковка офиса\ | K98: 3 Парковка офиса\E33149364_8_20251225T111058Z.jpg | L98: чт 25.12.2025 — 11:10:58 | M98: =HYPERLINK(склад2въезд18[[#This Row],[RelativePath]]) -> 3 Парковка офиса\E33149364_8_20251225T111058Z.jpg
A99: чт | B99: 46016 | C99: 0.68556713 | D99: без событий | E99: Территория | I99: E33149364_8_20251225T162713Z.jpg | J99: C:\ВИДЕОНАБЛЮДЕНИЕ\3 Парковка офиса\ | K99: 3 Парковка офиса\E33149364_8_20251225T162713Z.jpg | L99: чт 25.12.2025 — 16:27:13 | M99: =HYPERLINK(склад2въезд18[[#This Row],[RelativePath]]) -> 3 Парковка офиса\E33149364_8_20251225T162713Z.jpg
A100: пт | B100: 46017 | C100: 0.40710648 | D100: Загрузка | E100: Легковая | F100: поленья | I100: E33149364_8_20251226T094614Z.jpg | J100: C:\ВИДЕОНАБЛЮДЕНИЕ\3 Парковка офиса\ | K100: 3 Парковка офиса\E33149364_8_20251226T094614Z.jpg | L100: пт 26.12.2025 — 09:46:14 | M100: =HYPERLINK(склад2въезд18[[#This Row],[RelativePath]]) -> 3 Парковка офиса\E33149364_8_20251226T094614Z.jpg
A101: пт | B101: 46017 | C101: 0.40766204 | D101: Загрузка | E101: Легковая | F101: поленья | H101: динамика | I101: E33149364_8_20251226T094702Z.jpg | J101: C:\ВИДЕОНАБЛЮДЕНИЕ\3 Парковка офиса\ | K101: 3 Парковка офиса\E33149364_8_20251226T094702Z.jpg | L101: пт 26.12.2025 — 09:47:02 | M101: =HYPERLINK(склад2въезд18[[#This Row],[RelativePath]]) -> 3 Парковка офиса\E33149364_8_20251226T094702Z.jpg
A102: пт | B102: 46017 | C102: 0.40768519 | D102: Загрузка | E102: Легковая | F102: поленья | H102: динамика | I102: E33149364_8_20251226T094704Z.jpg | J102: C:\ВИДЕОНАБЛЮДЕНИЕ\3 Парковка офиса\ | K102: 3 Парковка офиса\E33149364_8_20251226T094704Z.jpg | L102: пт 26.12.2025 — 09:47:04 | M102: =HYPERLINK(склад2въезд18[[#This Row],[RelativePath]]) -> 3 Парковка офиса\E33149364_8_20251226T094704Z.jpg
A103: сб | B103: 46018 | C103: 0.4912037 | D103: без событий | E103: Территория | I103: E33149364_8_20251227T114720Z.jpg | J103: C:\ВИДЕОНАБЛЮДЕНИЕ\3 Парковка офиса\ | K103: 3 Парковка офиса\E33149364_8_20251227T114720Z.jpg | L103: сб 27.12.2025 — 11:47:20 | M103: =HYPERLINK(склад2въезд18[[#This Row],[RelativePath]]) -> 3 Парковка офиса\E33149364_8_20251227T114720Z.jpg
A104: сб | B104: 46018 | C104: 0.57578704 | D104: без событий | E104: Территория | I104: E33149364_8_20251227T134908Z.jpg | J104: C:\ВИДЕОНАБЛЮДЕНИЕ\3 Парковка офиса\ | K104: 3 Парковка офиса\E33149364_8_20251227T134908Z.jpg | L104: сб 27.12.2025 — 13:49:08 | M104: =HYPERLINK(склад2въезд18[[#This Row],[RelativePath]]) -> 3 Парковка офиса\E33149364_8_20251227T134908Z.jpg
A105: вс | B105: 46019 | C105: 0.53828704 | D105: Фиксация в кадре | E105: Сотрудники | I105: E33149364_8_20251228T125508Z.jpg | J105: C:\ВИДЕОНАБЛЮДЕНИЕ\3 Парковка офиса\ | K105: 3 Парковка офиса\E33149364_8_20251228T125508Z.jpg | L105: вс 28.12.2025 — 12:55:08 | M105: =HYPERLINK(склад2въезд18[[#This Row],[RelativePath]]) -> 3 Парковка офиса\E33149364_8_20251228T125508Z.jpg
A106: вс | B106: 46019 | C106: 0.70148148 | D106: без событий | E106: Территория | I106: E33149364_8_20251228T165008Z.jpg | J106: C:\ВИДЕОНАБЛЮДЕНИЕ\3 Парковка офиса\ | K106: 3 Парковка офиса\E33149364_8_20251228T165008Z.jpg | L106: вс 28.12.2025 — 16:50:08 | M106: =HYPERLINK(склад2въезд18[[#This Row],[RelativePath]]) -> 3 Парковка офиса\E33149364_8_20251228T165008Z.jpg
A107: пн | B107: 46020 | C107: 0.65512731 | D107: без событий | E107: Территория | I107: E33149364_8_20251229T154323Z.jpg | J107: C:\ВИДЕОНАБЛЮДЕНИЕ\3 Парковка офиса\ | K107: 3 Парковка офиса\E33149364_8_20251229T154323Z.jpg | L107: пн 29.12.2025 — 15:43:23 | M107: =HYPERLINK(склад2въезд18[[#This Row],[RelativePath]]) -> 3 Парковка офиса\E33149364_8_20251229T154323Z.jpg
A108: вт | B108: 46021 | C108: 0.71135417 | D108: без событий | E108: Территория | I108: E33149364_8_20251230T170421Z.jpg | J108: C:\ВИДЕОНАБЛЮДЕНИЕ\3 Парковка офиса\ | K108: 3 Парковка офиса\E33149364_8_20251230T170421Z.jpg | L108: вт 30.12.2025 — 17:04:21 | M108: =HYPERLINK(склад2въезд18[[#This Row],[RelativePath]]) -> 3 Парковка офиса\E33149364_8_20251230T170421Z.jpg
A109: ср | B109: 46022 | C109: 0.69041667 | D109: без событий | E109: Территория | I109: E33149364_8_20251231T163412Z.jpg | J109: C:\ВИДЕОНАБЛЮДЕНИЕ\3 Парковка офиса\ | K109: 3 Парковка офиса\E33149364_8_20251231T163412Z.jpg | L109: ср 31.12.2025 — 16:34:12 | M109: =HYPERLINK(склад2въезд18[[#This Row],[RelativePath]]) -> 3 Парковка офиса\E33149364_8_20251231T163412Z.jpg
...

Sheet СпрСобытий
A1: Событие | B1: Объект | C1: Груз | D1: Кол-во | E1: Примечание | F1: Name | G1: Наименование точки
A2: Выезд с территории | B2: Погрузчик базы | C2: порожний | F2: E33149364_6_20251110T115231Z.jpg | G2: Ангар Склад 2 въезд
A3: Въезд на базу | B3: Легковой с прицепом | C3: порожний | F3: E33149364_6_20251110T120047Z.jpg | G3: Ангар Склад 2 въезд
A4: Въезд на базу | B4: Легковой с прицепом | C4: порожний | F4: E33149364_6_20251110T120052Z.jpg | G4: Ангар Склад 2 въезд
A5: Выезд с территории | B5: Легковой с прицепом | C5: мешки с опилками | D5: 3 | F5: E33149364_6_20251110T122835Z.jpg | G5: Ангар Склад 2 въезд
A6: Въезд на базу | B6: Погрузчик базы | C6: доски | F6: E33149364_6_20251110T134029Z.jpg | G6: Ангар Склад 2 въезд
A7: Выезд с территории | B7: Погрузчик базы | C7: доски | E7: груз один и тот же | F7: E33149364_6_20251110T134540Z.jpg | G7: Ангар Склад 2 въезд
A8: Въезд на базу | B8: Погрузчик базы | C8: доски | E8: груз один и тот же | F8: E33149364_6_20251110T143236Z.jpg | G8: Ангар Склад 2 въезд
A9: Въезд на базу | B9: Погрузчик, желтый | C9: порожний | F9: E33149364_6_20251111T092327Z.jpg | G9: Ангар Склад 2 въезд
A10: Выезд с территории | B10: Погрузчик, желтый | C10: бревна со сруба | F10: E33149364_6_20251111T104437Z.jpg | G10: Ангар Склад 2 въезд
A11: Въезд на базу | B11: Газель бортовая, синяя кабина | C11: порожний | F11: E33149364_6_20251111T104712Z.jpg | G11: Ангар Склад 2 въезд
A12: Задний ход, въезд на территорию | B12: Газель бортовая, синяя кабина | C12: порожний | F12: E33149364_6_20251111T104942Z.jpg | G12: Ангар Склад 2 въезд
A13: Въезд на второстепенную дорогу | B13: Газель бортовая, синяя кабина | C13: порожний | F13: E33149364_6_20251111T104958Z.jpg | G13: Ангар Склад 2 въезд
A14: Выезд с территории | B14: Газель бортовая, синяя кабина | C14: доски | F14: E33149364_6_20251111T113804Z.jpg | G14: Ангар Склад 2 въезд
A15: Выезд с территории | B15: Погрузчик базы | C15: красные доски, тюки | F15: E33149364_6_20251111T125226Z.jpg | G15: Ангар Склад 2 въезд
A16: Въезд на базу | B16: Погрузчик базы | C16: порожний | F16: E33149364_6_20251111T154349Z.jpg | G16: Ангар Склад 2 въезд
A17: Въезд на базу | B17: Самосвал красный | C17: не видно, что находится в кузове | F17: E33149364_6_20251112T161438Z.jpg | G17: Ангар Склад 2 въезд
A18: Выезд с территории | B18: Самосвал красный | C18: земля | F18: E33149364_6_20251112T170242Z.jpg | G18: Ангар Склад 2 въезд
A19: Выезд с территории | B19: Погрузчик базы | C19: порожний | F19: E33149364_6_20251113T084904Z.jpg | G19: Ангар Склад 2 въезд
A20: Въезд на базу | B20: Газель базы | C20: порожний | F20: E33149364_6_20251113T085509Z.jpg | G20: Ангар Склад 2 въезд
... A27: Выезд со второстепенной дороги | B27: Трактор базы | C27: порожний | F27: E33149364_6_20251114T124506Z.jpg | G27: Ангар Склад 2 въезд
A28: Въезд на базу | B28: Трактор базы | C28: шина | D28: 1 | F28: E33149364_6_20251114T125035Z.jpg | G28: Ангар Склад 2 въезд
A29: Выезд с территории | B29: Трактор базы | C29: порожний | F29: E33149364_6_20251114T125414Z.jpg | G29: Ангар Склад 2 въезд
A30: Задний ход, въезд на территорию | B30: Самосвал красный | C30: щебень | D30: 1 | F30: E33149364_6_20251114T125702Z.jpg | G30: Ангар Склад 2 въезд
A31: Въезд на второстепенную дорогу | B31: Трактор базы | C31: шина | D31: 1 | F31: E33149364_6_20251114T125754Z.jpg | G31: Ангар Склад 2 въезд
A32: Выезд с территории | B32: Самосвал красный | C32: порожний | F32: E33149364_6_20251114T130033Z.jpg | G32: Ангар Склад 2 въезд
A33: Задний ход, въезд на территорию | B33: Самосвал красный | C33: щебень | D33: 1 | F33: E33149364_6_20251114T131318Z.jpg | G33: Ангар Склад 2 въезд
A34: Выезд с территории | B34: Самосвал красный | C34: порожний | F34: E33149364_6_20251114T131619Z.jpg | G34: Ангар Склад 2 въезд
A35: Задний ход, въезд на территорию | B35: Самосвал красный | C35: щебень | D35: 1 | F35: E33149364_6_20251114T132811Z.jpg | G35: Ангар Склад 2 въезд
A36: Выезд с территории | B36: Самосвал красный | C36: порожний | F36: E33149364_6_20251114T133038Z.jpg | G36: Ангар Склад 2 въезд
A37: Задний ход, въезд на территорию | B37: Самосвал красный | C37: щебень | D37: 1 | F37: E33149364_6_20251114T134227Z.jpg | G37: Ангар Склад 2 въезд
A38: Выезд с территории | B38: Самосвал красный | C38: порожний | F38: E33149364_6_20251114T134639Z.jpg | G38: Ангар Склад 2 въезд
A39: Въезд на базу | B39: Погрузчик базы | C39: порожний | F39: E33149364_6_20251114T142453Z.jpg | G39: Ангар Склад 2 въезд
A40: Фиксация в кадре | B40: Территория | F40: E33149364_7_20251110T092437Z.jpg | G40: Пилорама поката
A41: Доставка | B41: Трактор базы | C41: бревна | D41: 2 | F41: E33149364_7_20251110T092515Z.jpg | G41: Пилорама поката
A42: Доставка | B42: Трактор базы | C42: бревна | D42: 1 | F42: E33149364_7_20251110T100243Z.jpg | G42: Пилорама поката
A43: Доставка | B43: Трактор базы | C43: бревна | D43: 2 | F43: E33149364_7_20251110T103012Z.jpg | G43: Пилорама поката
A44: Доставка | B44: Трактор базы | C44: бревна | D44: 2 | F44: E33149364_7_20251110T103559Z.jpg | G44: Пилорама поката
A45: Доставка | B45: Трактор базы | C45: бревна | D45: 1 | F45: E33149364_7_20251110T104132Z.jpg | G45: Пилорама поката
A46: Доставка | B46: Трактор базы | C46: бревна | D46: 2 | F46: E33149364_7_20251110T105030Z.jpg | G46: Пилорама поката
A47: Доставка | B47: Трактор базы | C47: бревна | D47: 1 | F47: E33149364_7_20251110T105641Z.jpg | G47: Пилорама поката
A48: Фиксация в кадре | B48: Территория | F48: E33149364_7_20251111T075949Z.jpg | G48: Пилорама поката
A49: Фиксация в кадре | B49: Территория | F49: E33149364_7_20251111T082550Z.jpg | G49: Пилорама поката
A50: Проезд | B50: Газель бортовая, синяя кабина | C50: порожний | F50: E33149364_7_20251111T105806Z.jpg | G50: Пилорама поката
A51: Доставка | B51: Трактор базы | C51: бревна | D51: 1 | F51: E33149364_7_20251111T143633Z.jpg | G51: Пилорама поката
A52: Доставка | B52: Трактор базы | C52: бревна | D52: 1 | F52: E33149364_7_20251111T144652Z.jpg | G52: Пилорама поката
A53: Доставка | B53: Трактор базы | C53: бревна | D53: 1 | F53: E33149364_7_20251111T145327Z.jpg | G53: Пилорама поката
A54: Доставка | B54: Трактор базы | C54: бревна | D54: 2 | F54: E33149364_7_20251111T150158Z.jpg | G54: Пилорама поката
A55: Доставка | B55: Трактор базы | C55: бревна | D55: 1 | F55: E33149364_7_20251111T155435Z.jpg | G55: Пилорама поката
A56: Фиксация в кадре | B56: Территория | F56: E33149364_7_20251112T182749Z.jpg | G56: Пилорама поката
A57: Фиксация в кадре | B57: Территория | F57: E33149364_7_20251113T081818Z.jpg | G57: Пилорама поката
A58: Проезд | B58: Газель базы | F58: E33149364_7_20251113T090518Z.jpg | G58: Пилорама поката
A59: Доставка | B59: Трактор базы | C59: бревна | D59: 1 | F59: E33149364_7_20251113T162659Z.jpg | G59: Пилорама поката
A60: Фиксация в кадре | B60: Трактор, проталкивание бревен внутрь ангара | F60: E33149364_7_20251113T162806Z.jpg | G60: Пилорама поката
A61: Фиксация в кадре | B61: Территория | F61: E33149364_7_20251113T170329Z.jpg | G61: Пилорама поката
A62: Фиксация в кадре | B62: Территория | F62: E33149364_7_20251114T093704Z.jpg | G62: Пилорама поката
A63: Проезд | B63: Трактор базы | C63: отрезки бревен | F63: E33149364_7_20251114T094515Z.jpg | G63: Пилорама поката
A64: Проезд | B64: Трактор базы | C64: отрезки бревен | F64: E33149364_7_20251114T100733Z.jpg | G64: Пилорама поката
A65: Обратный проезд | B65: Трактор базы | C65: порожний | F65: E33149364_7_20251114T100848Z.jpg | G65: Пилорама поката
A66: Проезд | B66: Трактор базы | C66: отрезки бревен | F66: E33149364_7_20251114T113437Z.jpg | G66: Пилорама поката
A67: Проезд | B67: Трактор базы | C67: отрезки бревен | F67: E33149364_7_20251114T114744Z.jpg | G67: Пилорама поката
A68: Доставка | B68: Трактор базы | C68: бревна | D68: 1 | F68: E33149364_7_20251114T115544Z.jpg | G68: Пилорама поката
A69: Проезд | B69: Трактор базы | C69: отрезки бревен | F69: E33149364_7_20251114T120751Z.jpg | G69: Пилорама поката
A70: Проезд | B70: Трактор базы | C70: отрезки бревен | F70: E33149364_7_20251114T122404Z.jpg | G70: Пилорама поката
A71: Проезд | B71: Трактор базы | C71: отрезки бревен | F71: E33149364_7_20251114T124241Z.jpg | G71: Пилорама поката
A72: Выезд по второстепенной дороги | B72: Трактор базы | C72: порожний | F72: E33149364_7_20251114T124411Z.jpg | G72: Пилорама поката
A73: Проезд | B73: Трактор базы | C73: шина | F73: E33149364_7_20251114T125901Z.jpg | G73: Пилорама поката
A74: Фиксация в кадре | B74: Территория | F74: E33149364_7_20251114T174729Z.jpg | G74: Пилорама поката
A75: Фиксация в кадре | B75: Территория | F75: E33149364_8_20251110T082754Z.jpg | G75: Парковка офиса
A76: Фиксация в кадре | B76: Территория | F76: E33149364_8_20251110T090347Z.jpg | G76: Парковка офиса
A77: Фиксация в кадре | B77: Территория | F77: E33149364_8_20251110T114027Z.jpg | G77: Парковка офиса
A78: Фиксация в кадре | B78: Территория | F78: E33149364_8_20251110T120230Z.jpg | G78: Парковка офиса
A79: Фиксация в кадре | B79: Территория | F79: E33149364_8_20251110T134046Z.jpg | G79: Парковка офиса
A80: Фиксация в кадре | B80: Территория | F80: E33149364_8_20251110T171433Z.jpg | G80: Парковка офиса
A81: Фиксация в кадре | B81: Территория | F81: E33149364_8_20251111T092346Z.jpg | G81: Парковка офиса
A82: Фиксация в кадре | B82: Территория | F82: E33149364_8_20251111T104416Z.jpg | G82: Парковка офиса
A83: Фиксация в кадре | B83: Территория | F83: E33149364_8_20251111T104848Z.jpg | G83: Парковка офиса
A84: Фиксация в кадре | B84: Территория | F84: E33149364_8_20251111T113746Z.jpg | G84: Парковка офиса
A85: Фиксация в кадре | B85: Территория | F85: E33149364_8_20251111T113755Z.jpg | G85: Парковка офиса
... A89: Фиксация в кадре | B89: Территория | F89: E33149364_8_20251112T161540Z.jpg | G89: Парковка офиса
A90: Загрузка | B90: Самосвал красный | C90: земля с территории | F90: E33149364_8_20251112T162729Z.jpg | G90: Парковка офиса
A91: Фиксация в кадре | B91: Территория | F91: E33149364_8_20251112T170236Z.jpg | G91: Парковка офиса
A92: Фиксация в кадре | B92: Территория | F92: E33149364_8_20251112T173715Z.jpg | G92: Парковка офиса
A93: Фиксация в кадре | B93: Территория | F93: E33149364_8_20251113T085525Z.jpg | G93: Парковка офиса
A94: Фиксация в кадре | B94: Территория | F94: E33149364_8_20251113T093029Z.jpg | G94: Парковка офиса
A95: Фиксация в кадре | B95: Территория | F95: E33149364_8_20251113T093420Z.jpg | G95: Парковка офиса
A96: Фиксация в кадре | B96: Территория | F96: E33149364_8_20251113T123527Z.jpg | G96: Парковка офиса
A97: Фиксация в кадре | B97: Территория | F97: E33149364_8_20251113T143145Z.jpg | G97: Парковка офиса
A98: Фиксация в кадре | B98: Территория | F98: E33149364_8_20251113T173042Z.jpg | G98: Парковка офиса
A99: Фиксация в кадре | B99: Территория | F99: E33149364_8_20251114T093145Z.jpg | G99: Парковка офиса
A100: Разгрузка | B100: Самосвал красный | C100: щебень | F100: E33149364_8_20251114T131548Z.jpg | G100: Парковка офиса
A101: Фиксация в кадре | B101: Территория | F101: E33149364_8_20251114T134620Z.jpg | G101: Парковка офиса
A102: Фиксация в кадре | B102: Территория | F102: E33149364_8_20251114T172857Z.jpg | G102: Парковка офиса
A103: Фиксация в кадре | B103: Территория | E103: Начало дня | F103: K07156189_21_20251110T082106Z.jpg | G103: Крыльцо офиса
A104: Фиксация в кадре | B104: Территория | E104: Конец дня | F104: K07156189_21_20251110T175119Z.jpg | G104: Крыльцо офиса
A105: Фиксация в кадре | B105: Территория | E105: Начало дня | F105: K07156189_21_20251111T081928Z.jpg | G105: Крыльцо офиса
A106: Фиксация в кадре | B106: Территория | E106: Конец дня | F106: K07156189_21_20251111T163704Z.jpg | G106: Крыльцо офиса
A107: Фиксация в кадре | B107: Территория | E107: Трактор сгребает землю | F107: K07156189_21_20251112T122004Z.jpg | G107: Крыльцо офиса
A108: Фиксация в кадре | B108: Территория | E108: Трактор сгребает землю | F108: K07156189_21_20251112T131956Z.jpg | G108: Крыльцо офиса
A109: Фиксация в кадре | B109: Территория | E109: Загрузка земли в самосвал | F109: K07156189_21_20251112T163933Z.jpg | G109: Крыльцо офиса
...

Sheet 4 Крыльцо офиса
A1: День нед | B1: Дата | C1: Время | D1: Событие | E1: Объект | F1: Груз | G1: Кол-во | H1: Примечание | I1: Name | J1: Folder Path | K1: RelativePath | L1: Подпись | M1: Ссылка на фото
A2: пн | B2: 45971 | C2: 0.34798611 | D2: Фиксация в кадре | E2: Территория | H2: Начало дня | I2: K07156189_21_20251110T082106Z.jpg | J2: C:\ВИДЕОНАБЛЮДЕНИЕ\4 Крыльцо офиса\ | K2: 4 Крыльцо офиса\K07156189_21_20251110T082106Z.jpg | L2: пн 10.11.2025 — 08:21:06 | M2: =HYPERLINK(склад2въезд13[[#This Row],[RelativePath]]) -> 4 Крыльцо офиса\K07156189_21_20251110T082106Z.jpg
A3: пн | B3: 45971 | C3: 0.74396991 | D3: Фиксация в кадре | E3: Территория | H3: Конец дня | I3: K07156189_21_20251110T175119Z.jpg | J3: C:\ВИДЕОНАБЛЮДЕНИЕ\4 Крыльцо офиса\ | K3: 4 Крыльцо офиса\K07156189_21_20251110T175119Z.jpg | L3: пн 10.11.2025 — 17:51:19 | M3: =HYPERLINK(склад2въезд13[[#This Row],[RelativePath]]) -> 4 Крыльцо офиса\K07156189_21_20251110T175119Z.jpg
A4: вт | B4: 45972 | C4: 0.34685185 | D4: Фиксация в кадре | E4: Территория | H4: Начало дня | I4: K07156189_21_20251111T081928Z.jpg | J4: C:\ВИДЕОНАБЛЮДЕНИЕ\4 Крыльцо офиса\ | K4: 4 Крыльцо офиса\K07156189_21_20251111T081928Z.jpg | L4: вт 11.11.2025 — 08:19:28 | M4: =HYPERLINK(склад2въезд13[[#This Row],[RelativePath]]) -> 4 Крыльцо офиса\K07156189_21_20251111T081928Z.jpg
A5: вт | B5: 45972 | C5: 0.69240741 | D5: Фиксация в кадре | E5: Территория | H5: Конец дня | I5: K07156189_21_20251111T163704Z.jpg | J5: C:\ВИДЕОНАБЛЮДЕНИЕ\4 Крыльцо офиса\ | K5: 4 Крыльцо офиса\K07156189_21_20251111T163704Z.jpg | L5: вт 11.11.2025 — 16:37:04 | M5: =HYPERLINK(склад2въезд13[[#This Row],[RelativePath]]) -> 4 Крыльцо офиса\K07156189_21_20251111T163704Z.jpg
A6: ср | B6: 45973 | C6: 0.51393519 | D6: Фиксация в кадре | E6: Территория | H6: Трактор сгребает землю | I6: K07156189_21_20251112T122004Z.jpg | J6: C:\ВИДЕОНАБЛЮДЕНИЕ\4 Крыльцо офиса\ | K6: 4 Крыльцо офиса\K07156189_21_20251112T122004Z.jpg | L6: ср 12.11.2025 — 12:20:04 | M6: =HYPERLINK(склад2въезд13[[#This Row],[RelativePath]]) -> 4 Крыльцо офиса\K07156189_21_20251112T122004Z.jpg
A7: ср | B7: 45973 | C7: 0.55550926 | D7: Фиксация в кадре | E7: Территория | H7: Трактор сгребает землю | I7: K07156189_21_20251112T131956Z.jpg | J7: C:\ВИДЕОНАБЛЮДЕНИЕ\4 Крыльцо офиса\ | K7: 4 Крыльцо офиса\K07156189_21_20251112T131956Z.jpg | L7: ср 12.11.2025 — 13:19:56 | M7: =HYPERLINK(склад2въезд13[[#This Row],[RelativePath]]) -> 4 Крыльцо офиса\K07156189_21_20251112T131956Z.jpg
A8: ср | B8: 45973 | C8: 0.69413194 | D8: Фиксация в кадре | E8: Территория | H8: Загрузка земли в самосвал | I8: K07156189_21_20251112T163933Z.jpg | J8: C:\ВИДЕОНАБЛЮДЕНИЕ\4 Крыльцо офиса\ | K8: 4 Крыльцо офиса\K07156189_21_20251112T163933Z.jpg | L8: ср 12.11.2025 — 16:39:33 | M8: =HYPERLINK(склад2въезд13[[#This Row],[RelativePath]]) -> 4 Крыльцо офиса\K07156189_21_20251112T163933Z.jpg
A9: ср | B9: 45973 | C9: 0.73761574 | D9: Фиксация в кадре | E9: Территория | H9: Конец дня | I9: K07156189_21_20251112T174210Z.jpg | J9: C:\ВИДЕОНАБЛЮДЕНИЕ\4 Крыльцо офиса\ | K9: 4 Крыльцо офиса\K07156189_21_20251112T174210Z.jpg | L9: ср 12.11.2025 — 17:42:10 | M9: =HYPERLINK(склад2въезд13[[#This Row],[RelativePath]]) -> 4 Крыльцо офиса\K07156189_21_20251112T174210Z.jpg
A10: чт | B10: 45974 | C10: 0.34179398 | D10: Фиксация в кадре | E10: Территория | H10: Начало дня | I10: K07156189_21_20251113T081211Z.jpg | J10: C:\ВИДЕОНАБЛЮДЕНИЕ\4 Крыльцо офиса\ | K10: 4 Крыльцо офиса\K07156189_21_20251113T081211Z.jpg | L10: чт 13.11.2025 — 08:12:11 | M10: =HYPERLINK(склад2въезд13[[#This Row],[RelativePath]]) -> 4 Крыльцо офиса\K07156189_21_20251113T081211Z.jpg
A11: чт | B11: 45974 | C11: 0.40744213 | D11: Фиксация в кадре | E11: Территория | H11: Трактор сгребает землю | I11: K07156189_21_20251113T094643Z.jpg | J11: C:\ВИДЕОНАБЛЮДЕНИЕ\4 Крыльцо офиса\ | K11: 4 Крыльцо офиса\K07156189_21_20251113T094643Z.jpg | L11: чт 13.11.2025 — 09:46:43 | M11: =HYPERLINK(склад2въезд13[[#This Row],[RelativePath]]) -> 4 Крыльцо офиса\K07156189_21_20251113T094643Z.jpg
A12: чт | B12: 45974 | C12: 0.741875 | D12: Фиксация в кадре | E12: Территория | H12: Конец дня | I12: K07156189_21_20251113T174818Z.jpg | J12: C:\ВИДЕОНАБЛЮДЕНИЕ\4 Крыльцо офиса\ | K12: 4 Крыльцо офиса\K07156189_21_20251113T174818Z.jpg | L12: чт 13.11.2025 — 17:48:18 | M12: =HYPERLINK(склад2въезд13[[#This Row],[RelativePath]]) -> 4 Крыльцо офиса\K07156189_21_20251113T174818Z.jpg
A13: пт | B13: 45975 | C13: 0.39813657 | D13: Фиксация в кадре | E13: Территория | H13: Начало дня | I13: K07156189_21_20251114T093319Z.jpg | J13: C:\ВИДЕОНАБЛЮДЕНИЕ\4 Крыльцо офиса\ | K13: 4 Крыльцо офиса\K07156189_21_20251114T093319Z.jpg | L13: пт 14.11.2025 — 09:33:19 | M13: =HYPERLINK(склад2въезд13[[#This Row],[RelativePath]]) -> 4 Крыльцо офиса\K07156189_21_20251114T093319Z.jpg
... A15: сб | B15: 45976 | C15: 0.35554398 | D15: Фиксация в кадре | E15: Территория | H15: начало дня | I15: K07156189_21_20251115T083159Z.jpg | J15: C:\ВИДЕОНАБЛЮДЕНИЕ\4 Крыльцо офиса\ | K15: 4 Крыльцо офиса\K07156189_21_20251115T083159Z.jpg | L15: сб 15.11.2025 — 08:31:59 | M15: =HYPERLINK(склад2въезд13[[#This Row],[RelativePath]]) -> 4 Крыльцо офиса\K07156189_21_20251115T083159Z.jpg
A16: сб | B16: 45976 | C16: 0.43645833 | D16: Прибытие | E16: Легковой с прицепом | F16: агрегат | G16: 1 | I16: K07156189_21_20251115T102830Z.jpg | J16: C:\ВИДЕОНАБЛЮДЕНИЕ\4 Крыльцо офиса\ | K16: 4 Крыльцо офиса\K07156189_21_20251115T102830Z.jpg | L16: сб 15.11.2025 — 10:28:30 | M16: =HYPERLINK(склад2въезд13[[#This Row],[RelativePath]]) -> 4 Крыльцо офиса\K07156189_21_20251115T102830Z.jpg
A17: сб | B17: 45976 | C17: 0.43902778 | D17: Перемещение | E17: Газель базы | F17: агрегат | H17: с легковой с прицепом | I17: K07156189_21_20251115T103212Z.jpg | J17: C:\ВИДЕОНАБЛЮДЕНИЕ\4 Крыльцо офиса\ | K17: 4 Крыльцо офиса\K07156189_21_20251115T103212Z.jpg | L17: сб 15.11.2025 — 10:32:12 | M17: =HYPERLINK(склад2въезд13[[#This Row],[RelativePath]]) -> 4 Крыльцо офиса\K07156189_21_20251115T103212Z.jpg
A18: сб | B18: 45976 | C18: 0.43923611 | D18: Перемещение этап | E18: Газель базы | F18: агрегат | H18: с легковой с прицепом | I18: K07156189_21_20251115T103230Z.jpg | J18: C:\ВИДЕОНАБЛЮДЕНИЕ\4 Крыльцо офиса\ | K18: 4 Крыльцо офиса\K07156189_21_20251115T103230Z.jpg | L18: сб 15.11.2025 — 10:32:30 | M18: =HYPERLINK(склад2въезд13[[#This Row],[RelativePath]]) -> 4 Крыльцо офиса\K07156189_21_20251115T103230Z.jpg
A19: сб | B19: 45976 | C19: 0.44337963 | D19: Убытие | E19: Газель базы | F19: агрегат | I19: K07156189_21_20251115T103828Z.jpg | J19: C:\ВИДЕОНАБЛЮДЕНИЕ\4 Крыльцо офиса\ | K19: 4 Крыльцо офиса\K07156189_21_20251115T103828Z.jpg | L19: сб 15.11.2025 — 10:38:28 | M19: =HYPERLINK(склад2въезд13[[#This Row],[RelativePath]]) -> 4 Крыльцо офиса\K07156189_21_20251115T103828Z.jpg
A20: сб | B20: 45976 | C20: 0.46825231 | D20: Прибытие | E20: Трактор желтый | I20: K07156189_21_20251115T111417Z.jpg | J20: C:\ВИДЕОНАБЛЮДЕНИЕ\4 Крыльцо офиса\ | K20: 4 Крыльцо офиса\K07156189_21_20251115T111417Z.jpg | L20: сб 15.11.2025 — 11:14:17 | M20: =HYPERLINK(склад2въезд13[[#This Row],[RelativePath]]) -> 4 Крыльцо офиса\K07156189_21_20251115T111417Z.jpg
A21: сб | B21: 45976 | C21: 0.49733796 | D21: Убытие | E21: Трактор желтый | I21: K07156189_21_20251115T115610Z.jpg | J21: C:\ВИДЕОНАБЛЮДЕНИЕ\4 Крыльцо офиса\ | K21: 4 Крыльцо офиса\K07156189_21_20251115T115610Z.jpg | L21: сб 15.11.2025 — 11:56:10 | M21: =HYPERLINK(склад2въезд13[[#This Row],[RelativePath]]) -> 4 Крыльцо офиса\K07156189_21_20251115T115610Z.jpg
A22: сб | B22: 45976 | C22: 0.62310185 | D22: Прибытие | E22: Легковая сторонняя | I22: K07156189_21_20251115T145716Z.jpg | J22: C:\ВИДЕОНАБЛЮДЕНИЕ\4 Крыльцо офиса\ | K22: 4 Крыльцо офиса\K07156189_21_20251115T145716Z.jpg | L22: сб 15.11.2025 — 14:57:16 | M22: =HYPERLINK(склад2въезд13[[#This Row],[RelativePath]]) -> 4 Крыльцо офиса\K07156189_21_20251115T145716Z.jpg
A23: сб | B23: 45976 | C23: 0.63068287 | D23: Прибытие | E23: Газель базы | F23: агрегат | I23: K07156189_21_20251115T150811Z.jpg | J23: C:\ВИДЕОНАБЛЮДЕНИЕ\4 Крыльцо офиса\ | K23: 4 Крыльцо офиса\K07156189_21_20251115T150811Z.jpg | L23: сб 15.11.2025 — 15:08:11 | M23: =HYPERLINK(склад2въезд13[[#This Row],[RelativePath]]) -> 4 Крыльцо офиса\K07156189_21_20251115T150811Z.jpg
A24: сб | B24: 45976 | C24: 0.63290509 | D24: Фиксация в кадре | E24: Территория | I24: K07156189_21_20251115T151123Z.jpg | J24: C:\ВИДЕОНАБЛЮДЕНИЕ\4 Крыльцо офиса\ | K24: 4 Крыльцо офиса\K07156189_21_20251115T151123Z.jpg | L24: сб 15.11.2025 — 15:11:23 | M24: =HYPERLINK(склад2въезд13[[#This Row],[RelativePath]]) -> 4 Крыльцо офиса\K07156189_21_20251115T151123Z.jpg
A25: сб | B25: 45976 | C25: 0.63534722 | D25: Переезд для загрузки | E25: Легковой с прицепом | I25: K07156189_21_20251115T151454Z.jpg | J25: C:\ВИДЕОНАБЛЮДЕНИЕ\4 Крыльцо офиса\ | K25: 4 Крыльцо офиса\K07156189_21_20251115T151454Z.jpg | L25: сб 15.11.2025 — 15:14:54 | M25: =HYPERLINK(склад2въезд13[[#This Row],[RelativePath]]) -> 4 Крыльцо офиса\K07156189_21_20251115T151454Z.jpg
A26: сб | B26: 45976 | C26: 0.63587963 | D26: Загрузка | E26: Легковой с прицепом | F26: отрезки бревен | I26: K07156189_21_20251115T151540Z.jpg | J26: C:\ВИДЕОНАБЛЮДЕНИЕ\4 Крыльцо офиса\ | K26: 4 Крыльцо офиса\K07156189_21_20251115T151540Z.jpg | L26: сб 15.11.2025 — 15:15:40 | M26: =HYPERLINK(склад2въезд13[[#This Row],[RelativePath]]) -> 4 Крыльцо офиса\K07156189_21_20251115T151540Z.jpg
A27: сб | B27: 45976 | C27: 0.63725694 | D27: Убытие | E27: Легковая сторонняя | I27: K07156189_21_20251115T151739Z.jpg | J27: C:\ВИДЕОНАБЛЮДЕНИЕ\4 Крыльцо офиса\ | K27: 4 Крыльцо офиса\K07156189_21_20251115T151739Z.jpg | L27: сб 15.11.2025 — 15:17:39 | M27: =HYPERLINK(склад2въезд13[[#This Row],[RelativePath]]) -> 4 Крыльцо офиса\K07156189_21_20251115T151739Z.jpg
A28: сб | B28: 45976 | C28: 0.64355324 | D28: Убытие | E28: Легковой с прицепом | F28: отрезки бревен | I28: K07156189_21_20251115T152643Z.jpg | J28: C:\ВИДЕОНАБЛЮДЕНИЕ\4 Крыльцо офиса\ | K28: 4 Крыльцо офиса\K07156189_21_20251115T152643Z.jpg | L28: сб 15.11.2025 — 15:26:43 | M28: =HYPERLINK(склад2въезд13[[#This Row],[RelativePath]]) -> 4 Крыльцо офиса\K07156189_21_20251115T152643Z.jpg
A29: сб | B29: 45976 | C29: 0.70332176 | D29: Фиксация в кадре | E29: Территория | I29: K07156189_21_20251115T165247Z.jpg | J29: C:\ВИДЕОНАБЛЮДЕНИЕ\4 Крыльцо офиса\ | K29: 4 Крыльцо офиса\K07156189_21_20251115T165247Z.jpg | L29: сб 15.11.2025 — 16:52:47 | M29: =HYPERLINK(склад2въезд13[[#This Row],[RelativePath]]) -> 4 Крыльцо офиса\K07156189_21_20251115T165247Z.jpg
A30: сб | B30: 45976 | C30: 0.73770833 | D30: Фиксация в кадре | E30: Территория | H30: конец дня | I30: K07156189_21_20251115T174218Z.jpg | J30: C:\ВИДЕОНАБЛЮДЕНИЕ\4 Крыльцо офиса\ | K30: 4 Крыльцо офиса\K07156189_21_20251115T174218Z.jpg | L30: сб 15.11.2025 — 17:42:18 | M30: =HYPERLINK(склад2въезд13[[#This Row],[RelativePath]]) -> 4 Крыльцо офиса\K07156189_21_20251115T174218Z.jpg
A31: вс | B31: 45977 | C31: 0.37039352 | D31: Фиксация в кадре | E31: Территория | H31: начало дня | I31: K07156189_21_20251116T085322Z.jpg | J31: C:\ВИДЕОНАБЛЮДЕНИЕ\4 Крыльцо офиса\ | K31: 4 Крыльцо офиса\K07156189_21_20251116T085322Z.jpg | L31: вс 16.11.2025 — 08:53:22 | M31: =HYPERLINK(склад2въезд13[[#This Row],[RelativePath]]) -> 4 Крыльцо офиса\K07156189_21_20251116T085322Z.jpg
A32: вс | B32: 45977 | C32: 0.58667824 | D32: Фиксация в кадре | E32: Территория | H32: без событий | I32: K07156189_21_20251116T140449Z.jpg | J32: C:\ВИДЕОНАБЛЮДЕНИЕ\4 Крыльцо офиса\ | K32: 4 Крыльцо офиса\K07156189_21_20251116T140449Z.jpg | L32: вс 16.11.2025 — 14:04:49 | M32: =HYPERLINK(склад2въезд13[[#This Row],[RelativePath]]) -> 4 Крыльцо офиса\K07156189_21_20251116T140449Z.jpg
A33: вс | B33: 45977 | C33: 0.72071759 | D33: Фиксация в кадре | E33: Территория | H33: конец дня | I33: K07156189_21_20251116T171750Z.jpg | J33: C:\ВИДЕОНАБЛЮДЕНИЕ\4 Крыльцо офиса\ | K33: 4 Крыльцо офиса\K07156189_21_20251116T171750Z.jpg | L33: вс 16.11.2025 — 17:17:50 | M33: =HYPERLINK(склад2въезд13[[#This Row],[RelativePath]]) -> 4 Крыльцо офиса\K07156189_21_20251116T171750Z.jpg
A34: пн | B34: 45978 | C34: 0.73387731 | D34: без событий | I34: K07156189_21_20251117T173647Z.jpg | J34: C:\ВИДЕОНАБЛЮДЕНИЕ\4 Крыльцо офиса\ | K34: 4 Крыльцо офиса\K07156189_21_20251117T173647Z.jpg | L34: пн 17.11.2025 — 17:36:47 | M34: =HYPERLINK(склад2въезд13[[#This Row],[RelativePath]]) -> 4 Крыльцо офиса\K07156189_21_20251117T173647Z.jpg
A35: вт | B35: 45979 | C35: 0.59271991 | D35: Фиксация в кадре | E35: Легковая | F35: доски | I35: K07156189_21_20251118T141331Z.jpg | J35: C:\ВИДЕОНАБЛЮДЕНИЕ\4 Крыльцо офиса\ | K35: 4 Крыльцо офиса\K07156189_21_20251118T141331Z.jpg | L35: вт 18.11.2025 — 14:13:31 | M35: =HYPERLINK(склад2въезд13[[#This Row],[RelativePath]]) -> 4 Крыльцо офиса\K07156189_21_20251118T141331Z.jpg
A36: чт | B36: 45981 | C36: 0.41954861 | D36: Фиксация в кадре | E36: Территория | H36: утрамбовка щебня | I36: K07156189_21_20251120T100409Z.jpg | J36: C:\ВИДЕОНАБЛЮДЕНИЕ\4 Крыльцо офиса\ | K36: 4 Крыльцо офиса\K07156189_21_20251120T100409Z.jpg | L36: чт 20.11.2025 — 10:04:09 | M36: =HYPERLINK(склад2въезд13[[#This Row],[RelativePath]]) -> 4 Крыльцо офиса\K07156189_21_20251120T100409Z.jpg
A37: чт | B37: 45981 | C37: 0.72770833 | D37: без событий | I37: K07156189_21_20251120T172754Z.jpg | J37: C:\ВИДЕОНАБЛЮДЕНИЕ\4 Крыльцо офиса\ | K37: 4 Крыльцо офиса\K07156189_21_20251120T172754Z.jpg | L37: чт 20.11.2025 — 17:27:54 | M37: =HYPERLINK(склад2въезд13[[#This Row],[RelativePath]]) -> 4 Крыльцо офиса\K07156189_21_20251120T172754Z.jpg
A38: пт | B38: 45982 | C38: 0.72608796 | D38: без событий | I38: K07156189_21_20251121T172534Z.jpg | J38: C:\ВИДЕОНАБЛЮДЕНИЕ\4 Крыльцо офиса\ | K38: 4 Крыльцо офиса\K07156189_21_20251121T172534Z.jpg | L38: пт 21.11.2025 — 17:25:34 | M38: =HYPERLINK(склад2въезд13[[#This Row],[RelativePath]]) -> 4 Крыльцо офиса\K07156189_21_20251121T172534Z.jpg
A39: сб | B39: 45983 | C39: 0.73127315 | D39: без событий | I39: K07156189_21_20251122T173302Z.jpg | J39: C:\ВИДЕОНАБЛЮДЕНИЕ\4 Крыльцо офиса\ | K39: 4 Крыльцо офиса\K07156189_21_20251122T173302Z.jpg | L39: сб 22.11.2025 — 17:33:02 | M39: =HYPERLINK(склад2въезд13[[#This Row],[RelativePath]]) -> 4 Крыльцо офиса\K07156189_21_20251122T173302Z.jpg
A40: вс | B40: 45984 | C40: 0.71489583 | D40: без событий | I40: K07156189_21_20251123T170927Z.jpg | J40: C:\ВИДЕОНАБЛЮДЕНИЕ\4 Крыльцо офиса\ | K40: 4 Крыльцо офиса\K07156189_21_20251123T170927Z.jpg | L40: вс 23.11.2025 — 17:09:27 | M40: =HYPERLINK(склад2въезд13[[#This Row],[RelativePath]]) -> 4 Крыльцо офиса\K07156189_21_20251123T170927Z.jpg
A41: пн | B41: 45985 | C41: 0.70180556 | D41: Фиксация в кадре | E41: Территория | I41: K07156189_21_20251124T165036Z.jpg | J41: C:\ВИДЕОНАБЛЮДЕНИЕ\4 Крыльцо офиса\ | K41: 4 Крыльцо офиса\K07156189_21_20251124T165036Z.jpg | L41: пн 24.11.2025 — 16:50:36 | M41: =HYPERLINK(склад2въезд13[[#This Row],[RelativePath]]) -> 4 Крыльцо офиса\K07156189_21_20251124T165036Z.jpg
A42: пн | B42: 45985 | C42: 0.73797454 | D42: Фиксация в кадре | E42: Газель базы | F42: доски | I42: K07156189_21_20251124T174241Z.jpg | J42: C:\ВИДЕОНАБЛЮДЕНИЕ\4 Крыльцо офиса\ | K42: 4 Крыльцо офиса\K07156189_21_20251124T174241Z.jpg | L42: пн 24.11.2025 — 17:42:41 | M42: =HYPERLINK(склад2въезд13[[#This Row],[RelativePath]]) -> 4 Крыльцо офиса\K07156189_21_20251124T174241Z.jpg
A43: пн | B43: 45985 | C43: 0.75680556 | D43: Фиксация в кадре | E43: Газель базы | F43: порожний | I43: K07156189_21_20251124T180948Z.jpg | J43: C:\ВИДЕОНАБЛЮДЕНИЕ\4 Крыльцо офиса\ | K43: 4 Крыльцо офиса\K07156189_21_20251124T180948Z.jpg | L43: пн 24.11.2025 — 18:09:48 | M43: =HYPERLINK(склад2въезд13[[#This Row],[RelativePath]]) -> 4 Крыльцо офиса\K07156189_21_20251124T180948Z.jpg
A44: вт | B44: 45986 | C44: 0.71601852 | D44: Фиксация в кадре | E44: Территория | I44: K07156189_21_20251125T171104Z.jpg | J44: C:\ВИДЕОНАБЛЮДЕНИЕ\4 Крыльцо офиса\ | K44: 4 Крыльцо офиса\K07156189_21_20251125T171104Z.jpg | L44: вт 25.11.2025 — 17:11:04 | M44: =HYPERLINK(склад2въезд13[[#This Row],[RelativePath]]) -> 4 Крыльцо офиса\K07156189_21_20251125T171104Z.jpg
A45: ср | B45: 45987 | C45: 0.66975694 | D45: Фиксация в кадре | E45: Территория | I45: K07156189_21_20251126T160427Z.jpg | J45: C:\ВИДЕОНАБЛЮДЕНИЕ\4 Крыльцо офиса\ | K45: 4 Крыльцо офиса\K07156189_21_20251126T160427Z.jpg | L45: ср 26.11.2025 — 16:04:27 | M45: =HYPERLINK(склад2въезд13[[#This Row],[RelativePath]]) -> 4 Крыльцо офиса\K07156189_21_20251126T160427Z.jpg
A46: чт | B46: 45988 | C46: 0.56732639 | D46: Фиксация в кадре | E46: Территория | I46: K07156189_21_20251127T133657Z.jpg | J46: C:\ВИДЕОНАБЛЮДЕНИЕ\4 Крыльцо офиса\ | K46: 4 Крыльцо офиса\K07156189_21_20251127T133657Z.jpg | L46: чт 27.11.2025 — 13:36:57 | M46: =HYPERLINK(склад2въезд13[[#This Row],[RelativePath]]) -> 4 Крыльцо офиса\K07156189_21_20251127T133657Z.jpg
A47: пт | B47: 45989 | C47: 0.71274306 | D47: Фиксация в кадре | E47: Территория | I47: K07156189_21_20251128T170621Z.jpg | J47: C:\ВИДЕОНАБЛЮДЕНИЕ\4 Крыльцо офиса\ | K47: 4 Крыльцо офиса\K07156189_21_20251128T170621Z.jpg | L47: пт 28.11.2025 — 17:06:21 | M47: =HYPERLINK(склад2въезд13[[#This Row],[RelativePath]]) -> 4 Крыльцо офиса\K07156189_21_20251128T170621Z.jpg
A48: сб | B48: 45990 | C48: 0.71454861 | D48: Фиксация в кадре | E48: Оранжевый КАМАЗ лесовоз с краном | F48: бревна сруба | H48: усиление стяжки груза | I48: K07156189_21_20251129T170857Z.jpg | J48: C:\ВИДЕОНАБЛЮДЕНИЕ\4 Крыльцо офиса\ | K48: 4 Крыльцо офиса\K07156189_21_20251129T170857Z.jpg | L48: сб 29.11.2025 — 17:08:57 | M48: =HYPERLINK(склад2въезд13[[#This Row],[RelativePath]]) -> 4 Крыльцо офиса\K07156189_21_20251129T170857Z.jpg
A49: вс | B49: 45991 | C49: 0.71070602 | D49: Убытие | E49: Погрузчик базы | F49: порожний | I49: K07156189_21_20251130T170325Z.jpg | J49: C:\ВИДЕОНАБЛЮДЕНИЕ\4 Крыльцо офиса\ | K49: 4 Крыльцо офиса\K07156189_21_20251130T170325Z.jpg | L49: вс 30.11.2025 — 17:03:25 | M49: =HYPERLINK(склад2въезд13[[#This Row],[RelativePath]]) -> 4 Крыльцо офиса\K07156189_21_20251130T170325Z.jpg
A50: вс | B50: 45991 | C50: 0.75665509 | D50: Прибытие | E50: Погрузчик базы | F50: порожний | I50: K07156189_21_20251130T180935Z.jpg | J50: C:\ВИДЕОНАБЛЮДЕНИЕ\4 Крыльцо офиса\ | K50: 4 Крыльцо офиса\K07156189_21_20251130T180935Z.jpg | L50: вс 30.11.2025 — 18:09:35 | M50: =HYPERLINK(склад2въезд13[[#This Row],[RelativePath]]) -> 4 Крыльцо офиса\K07156189_21_20251130T180935Z.jpg
A51: пн | B51: 45992 | C51: 0.86984954 | D51: Разгрузка | E51: Оранжевый КАМАЗ лесовоз с краном | F51: материалы | I51: K07156189_21_20251201T205235Z.jpg | J51: C:\ВИДЕОНАБЛЮДЕНИЕ\4 Крыльцо офиса\ | K51: 4 Крыльцо офиса\K07156189_21_20251201T205235Z.jpg | L51: пн 01.12.2025 — 20:52:35 | M51: =HYPERLINK(склад2въезд13[[#This Row],[RelativePath]]) -> 4 Крыльцо офиса\K07156189_21_20251201T205235Z.jpg
A52: пн | B52: 45992 | C52: 0.87006944 | D52: Разгрузка | E52: Оранжевый КАМАЗ лесовоз с краном | F52: материалы | I52: K07156189_21_20251201T205254Z.jpg | J52: C:\ВИДЕОНАБЛЮДЕНИЕ\4 Крыльцо офиса\ | K52: 4 Крыльцо офиса\K07156189_21_20251201T205254Z.jpg | L52: пн 01.12.2025 — 20:52:54 | M52: =HYPERLINK(склад2въезд13[[#This Row],[RelativePath]]) -> 4 Крыльцо офиса\K07156189_21_20251201T205254Z.jpg
A53: пн | B53: 45992 | C53: 0.87283565 | D53: Убытие | E53: Оранжевый КАМАЗ лесовоз с краном | I53: K07156189_21_20251201T205653Z.jpg | J53: C:\ВИДЕОНАБЛЮДЕНИЕ\4 Крыльцо офиса\ | K53: 4 Крыльцо офиса\K07156189_21_20251201T205653Z.jpg | L53: пн 01.12.2025 — 20:56:53 | M53: =HYPERLINK(склад2въезд13[[#This Row],[RelativePath]]) -> 4 Крыльцо офиса\K07156189_21_20251201T205653Z.jpg
A54: вт | B54: 45993 | C54: 0.35887731 | D54: Загрузка | E54: Газель базы | F54: материалы | H54: что-то наподобие балона | I54: K07156189_21_20251202T083647Z.jpg | J54: C:\ВИДЕОНАБЛЮДЕНИЕ\4 Крыльцо офиса\ | K54: 4 Крыльцо офиса\K07156189_21_20251202T083647Z.jpg | L54: вт 02.12.2025 — 08:36:47 | M54: =HYPERLINK(склад2въезд13[[#This Row],[RelativePath]]) -> 4 Крыльцо офиса\K07156189_21_20251202T083647Z.jpg
A55: вт | B55: 45993 | C55: 0.39114583 | D55: Разгрузка | E55: Газель базы | F55: материалы | H55: что-то наподобие балона | I55: K07156189_21_20251202T092315Z.jpg | J55: C:\ВИДЕОНАБЛЮДЕНИЕ\4 Крыльцо офиса\ | K55: 4 Крыльцо офиса\K07156189_21_20251202T092315Z.jpg | L55: вт 02.12.2025 — 09:23:15 | M55: =HYPERLINK(склад2въезд13[[#This Row],[RelativePath]]) -> 4 Крыльцо офиса\K07156189_21_20251202T092315Z.jpg
A56: вт | B56: 45993 | C56: 0.39131944 | D56: Убытие | E56: Газель базы | I56: K07156189_21_20251202T092330Z.jpg | J56: C:\ВИДЕОНАБЛЮДЕНИЕ\4 Крыльцо офиса\ | K56: 4 Крыльцо офиса\K07156189_21_20251202T092330Z.jpg | L56: вт 02.12.2025 — 09:23:30 | M56: =HYPERLINK(склад2въезд13[[#This Row],[RelativePath]]) -> 4 Крыльцо офиса\K07156189_21_20251202T092330Z.jpg
A57: ср | B57: 45994 | C57: 0.72019676 | D57: без событий | E57: Территория | I57: K07156189_21_20251203T171705Z.jpg | J57: C:\ВИДЕОНАБЛЮДЕНИЕ\4 Крыльцо офиса\ | K57: 4 Крыльцо офиса\K07156189_21_20251203T171705Z.jpg | L57: ср 03.12.2025 — 17:17:05 | M57: =HYPERLINK(склад2въезд13[[#This Row],[RelativePath]]) -> 4 Крыльцо офиса\K07156189_21_20251203T171705Z.jpg
A58: чт | B58: 45995 | C58: 0.38034722 | D58: Загрузка | E58: Газель базы | F58: материалы | H58: канистра, ручная тележка | I58: K07156189_21_20251204T090742Z.jpg | J58: C:\ВИДЕОНАБЛЮДЕНИЕ\4 Крыльцо офиса\ | K58: 4 Крыльцо офиса\K07156189_21_20251204T090742Z.jpg | L58: чт 04.12.2025 — 09:07:42 | M58: =HYPERLINK(склад2въезд13[[#This Row],[RelativePath]]) -> 4 Крыльцо офиса\K07156189_21_20251204T090742Z.jpg
A59: чт | B59: 45995 | C59: 0.38046296 | D59: Загрузка | E59: Газель базы | F59: материалы | H59: динамика | I59: K07156189_21_20251204T090752Z.jpg | J59: C:\ВИДЕОНАБЛЮДЕНИЕ\4 Крыльцо офиса\ | K59: 4 Крыльцо офиса\K07156189_21_20251204T090752Z.jpg | L59: чт 04.12.2025 — 09:07:52 | M59: =HYPERLINK(склад2въезд13[[#This Row],[RelativePath]]) -> 4 Крыльцо офиса\K07156189_21_20251204T090752Z.jpg
A60: чт | B60: 45995 | C60: 0.380625 | D60: Загрузка | E60: Газель базы | F60: материалы | H60: динамика | I60: K07156189_21_20251204T090806Z.jpg | J60: C:\ВИДЕОНАБЛЮДЕНИЕ\4 Крыльцо офиса\ | K60: 4 Крыльцо офиса\K07156189_21_20251204T090806Z.jpg | L60: чт 04.12.2025 — 09:08:06 | M60: =HYPERLINK(склад2въезд13[[#This Row],[RelativePath]]) -> 4 Крыльцо офиса\K07156189_21_20251204T090806Z.jpg
A61: чт | B61: 45995 | C61: 0.38299769 | D61: Загрузка | E61: Газель базы | F61: материалы | H61: стяжной ремень | I61: K07156189_21_20251204T091131Z.jpg | J61: C:\ВИДЕОНАБЛЮДЕНИЕ\4 Крыльцо офиса\ | K61: 4 Крыльцо офиса\K07156189_21_20251204T091131Z.jpg | L61: чт 04.12.2025 — 09:11:31 | M61: =HYPERLINK(склад2въезд13[[#This Row],[RelativePath]]) -> 4 Крыльцо офиса\K07156189_21_20251204T091131Z.jpg
A62: чт | B62: 45995 | C62: 0.3830787 | D62: Убытие | E62: Газель базы | I62: K07156189_21_20251204T091138Z.jpg | J62: C:\ВИДЕОНАБЛЮДЕНИЕ\4 Крыльцо офиса\ | K62: 4 Крыльцо офиса\K07156189_21_20251204T091138Z.jpg | L62: чт 04.12.2025 — 09:11:38 | M62: =HYPERLINK(склад2въезд13[[#This Row],[RelativePath]]) -> 4 Крыльцо офиса\K07156189_21_20251204T091138Z.jpg
A63: пт | B63: 45996 | C63: 0.71984954 | D63: Фиксация в кадре | E63: Территория | I63: K07156189_21_20251205T171635Z.jpg | J63: C:\ВИДЕОНАБЛЮДЕНИЕ\4 Крыльцо офиса\ | K63: 4 Крыльцо офиса\K07156189_21_20251205T171635Z.jpg | L63: пт 05.12.2025 — 17:16:35 | M63: =HYPERLINK(склад2въезд13[[#This Row],[RelativePath]]) -> 4 Крыльцо офиса\K07156189_21_20251205T171635Z.jpg
A64: сб | B64: 45997 | C64: 0.66415509 | D64: без событий | E64: Территория | I64: K07156189_21_20251206T155623Z.jpg | J64: C:\ВИДЕОНАБЛЮДЕНИЕ\4 Крыльцо офиса\ | K64: 4 Крыльцо офиса\K07156189_21_20251206T155623Z.jpg | L64: сб 06.12.2025 — 15:56:23 | M64: =HYPERLINK(склад2въезд13[[#This Row],[RelativePath]]) -> 4 Крыльцо офиса\K07156189_21_20251206T155623Z.jpg
A65: вс | B65: 45998 | C65: 0.63519676 | D65: Фиксация в кадре | E65: Территория | I65: K07156189_21_20251207T151441Z.jpg | J65: C:\ВИДЕОНАБЛЮДЕНИЕ\4 Крыльцо офиса\ | K65: 4 Крыльцо офиса\K07156189_21_20251207T151441Z.jpg | L65: вс 07.12.2025 — 15:14:41 | M65: =HYPERLINK(склад2въезд13[[#This Row],[RelativePath]]) -> 4 Крыльцо офиса\K07156189_21_20251207T151441Z.jpg
A66: пн | B66: 45999 | C66: 0.70417824 | D66: без событий | E66: Территория | I66: K07156189_21_20251208T165401Z.jpg | J66: C:\ВИДЕОНАБЛЮДЕНИЕ\4 Крыльцо офиса\ | K66: 4 Крыльцо офиса\K07156189_21_20251208T165401Z.jpg | L66: пн 08.12.2025 — 16:54:01 | M66: =HYPERLINK(склад2въезд13[[#This Row],[RelativePath]]) -> 4 Крыльцо офиса\K07156189_21_20251208T165401Z.jpg
A67: вт | B67: 46000 | C67: 0.5122338 | D67: Разгрузка | E67: Грузовик Volvo FH12 с платформой | F67: металлическая рама | I67: K07156189_21_20251209T121737Z.jpg | J67: C:\ВИДЕОНАБЛЮДЕНИЕ\4 Крыльцо офиса\ | K67: 4 Крыльцо офиса\K07156189_21_20251209T121737Z.jpg | L67: вт 09.12.2025 — 12:17:37 | M67: =HYPERLINK(склад2въезд13[[#This Row],[RelativePath]]) -> 4 Крыльцо офиса\K07156189_21_20251209T121737Z.jpg
A68: вт | B68: 46000 | C68: 0.51232639 | D68: Разгрузка | E68: Грузовик Volvo FH12 с платформой | F68: металлическая рама | H68: динамика | I68: K07156189_21_20251209T121745Z.jpg | J68: C:\ВИДЕОНАБЛЮДЕНИЕ\4 Крыльцо офиса\ | K68: 4 Крыльцо офиса\K07156189_21_20251209T121745Z.jpg | L68: вт 09.12.2025 — 12:17:45 | M68: =HYPERLINK(склад2въезд13[[#This Row],[RelativePath]]) -> 4 Крыльцо офиса\K07156189_21_20251209T121745Z.jpg
A69: вт | B69: 46000 | C69: 0.51336806 | D69: Разгрузка | E69: Грузовик Volvo FH12 с платформой | F69: металлическая рама | H69: динамика | I69: K07156189_21_20251209T121915Z.jpg | J69: C:\ВИДЕОНАБЛЮДЕНИЕ\4 Крыльцо офиса\ | K69: 4 Крыльцо офиса\K07156189_21_20251209T121915Z.jpg | L69: вт 09.12.2025 — 12:19:15 | M69: =HYPERLINK(склад2въезд13[[#This Row],[RelativePath]]) -> 4 Крыльцо офиса\K07156189_21_20251209T121915Z.jpg
A70: ср | B70: 46001 | C70: 0.63115741 | D70: без событий | E70: Территория | I70: K07156189_21_20251210T150852Z.jpg | J70: C:\ВИДЕОНАБЛЮДЕНИЕ\4 Крыльцо офиса\ | K70: 4 Крыльцо офиса\K07156189_21_20251210T150852Z.jpg | L70: ср 10.12.2025 — 15:08:52 | M70: =HYPERLINK(склад2въезд13[[#This Row],[RelativePath]]) -> 4 Крыльцо офиса\K07156189_21_20251210T150852Z.jpg
A71: чт | B71: 46002 | C71: 0.48119213 | D71: Фиксация в кадре | E71: Территория | I71: K07156189_21_20251211T113255Z.jpg | J71: C:\ВИДЕОНАБЛЮДЕНИЕ\4 Крыльцо офиса\ | K71: 4 Крыльцо офиса\K07156189_21_20251211T113255Z.jpg | L71: чт 11.12.2025 — 11:32:55 | M71: =HYPERLINK(склад2въезд13[[#This Row],[RelativePath]]) -> 4 Крыльцо офиса\K07156189_21_20251211T113255Z.jpg
A72: чт | B72: 46002 | C72: 0.67466435 | D72: Фиксация в кадре | E72: Территория | I72: K07156189_21_20251211T161131Z.jpg | J72: C:\ВИДЕОНАБЛЮДЕНИЕ\4 Крыльцо офиса\ | K72: 4 Крыльцо офиса\K07156189_21_20251211T161131Z.jpg | L72: чт 11.12.2025 — 16:11:31 | M72: =HYPERLINK(склад2въезд13[[#This Row],[RelativePath]]) -> 4 Крыльцо офиса\K07156189_21_20251211T161131Z.jpg
A73: пт | B73: 46003 | C73: 0.63393519 | D73: Фиксация в кадре | E73: Территория | I73: K07156189_21_20251212T151252Z.jpg | J73: C:\ВИДЕОНАБЛЮДЕНИЕ\4 Крыльцо офиса\ | K73: 4 Крыльцо офиса\K07156189_21_20251212T151252Z.jpg | L73: пт 12.12.2025 — 15:12:52 | M73: =HYPERLINK(склад2въезд13[[#This Row],[RelativePath]]) -> 4 Крыльцо офиса\K07156189_21_20251212T151252Z.jpg
A74: пт | B74: 46003 | C74: 0.73780093 | D74: Прибытие | E74: Погрузчик базы | F74: порожний | I74: K07156189_21_20251212T174226Z.jpg | J74: C:\ВИДЕОНАБЛЮДЕНИЕ\4 Крыльцо офиса\ | K74: 4 Крыльцо офиса\K07156189_21_20251212T174226Z.jpg | L74: пт 12.12.2025 — 17:42:26 | M74: =HYPERLINK(склад2въезд13[[#This Row],[RelativePath]]) -> 4 Крыльцо офиса\K07156189_21_20251212T174226Z.jpg
A75: сб | B75: 46004 | C75: 0.40708333 | D75: Фиксация в кадре | E75: бортовой КамАЗ желтый с UNIC | F75: доски | I75: K07156189_21_20251213T094612Z.jpg | J75: C:\ВИДЕОНАБЛЮДЕНИЕ\4 Крыльцо офиса\ | K75: 4 Крыльцо офиса\K07156189_21_20251213T094612Z.jpg | L75: сб 13.12.2025 — 09:46:12 | M75: =HYPERLINK(склад2въезд13[[#This Row],[RelativePath]]) -> 4 Крыльцо офиса\K07156189_21_20251213T094612Z.jpg
A76: сб | B76: 46004 | C76: 0.40886574 | D76: Фиксация в кадре | E76: бортовой КамАЗ желтый с UNIC | F76: доски | H76: усиление стяжки груза | I76: K07156189_21_20251213T094846Z.jpg | J76: C:\ВИДЕОНАБЛЮДЕНИЕ\4 Крыльцо офиса\ | K76: 4 Крыльцо офиса\K07156189_21_20251213T094846Z.jpg | L76: сб 13.12.2025 — 09:48:46 | M76: =HYPERLINK(склад2въезд13[[#This Row],[RelativePath]]) -> 4 Крыльцо офиса\K07156189_21_20251213T094846Z.jpg
A77: сб | B77: 46004 | C77: 0.52965278 | D77: Прибытие | E77: самосвал КамАЗ-55111 красный | F77: порожний | I77: K07156189_21_20251213T124242Z.jpg | J77: C:\ВИДЕОНАБЛЮДЕНИЕ\4 Крыльцо офиса\ | K77: 4 Крыльцо офиса\K07156189_21_20251213T124242Z.jpg | L77: сб 13.12.2025 — 12:42:42 | M77: =HYPERLINK(склад2въезд13[[#This Row],[RelativePath]]) -> 4 Крыльцо офиса\K07156189_21_20251213T124242Z.jpg
A78: сб | B78: 46004 | C78: 0.52991898 | D78: Прибытие | E78: самосвал КамАЗ-65115 зеленый | F78: порожний | I78: K07156189_21_20251213T124305Z.jpg | J78: C:\ВИДЕОНАБЛЮДЕНИЕ\4 Крыльцо офиса\ | K78: 4 Крыльцо офиса\K07156189_21_20251213T124305Z.jpg | L78: сб 13.12.2025 — 12:43:05 | M78: =HYPERLINK(склад2въезд13[[#This Row],[RelativePath]]) -> 4 Крыльцо офиса\K07156189_21_20251213T124305Z.jpg
A79: сб | B79: 46004 | C79: 0.536875 | D79: Убытие | E79: самосвал КамАЗ-55111 красный | F79: порожний | I79: K07156189_21_20251213T125306Z.jpg | J79: C:\ВИДЕОНАБЛЮДЕНИЕ\4 Крыльцо офиса\ | K79: 4 Крыльцо офиса\K07156189_21_20251213T125306Z.jpg | L79: сб 13.12.2025 — 12:53:06 | M79: =HYPERLINK(склад2въезд13[[#This Row],[RelativePath]]) -> 4 Крыльцо офиса\K07156189_21_20251213T125306Z.jpg
A80: сб | B80: 46004 | C80: 0.53709491 | D80: Убытие | E80: самосвал КамАЗ-65115 зеленый | F80: порожний | I80: K07156189_21_20251213T125325Z.jpg | J80: C:\ВИДЕОНАБЛЮДЕНИЕ\4 Крыльцо офиса\ | K80: 4 Крыльцо офиса\K07156189_21_20251213T125325Z.jpg | L80: сб 13.12.2025 — 12:53:25 | M80: =HYPERLINK(склад2въезд13[[#This Row],[RelativePath]]) -> 4 Крыльцо офиса\K07156189_21_20251213T125325Z.jpg
A81: сб | B81: 46004 | C81: 0.53974537 | D81: Прибытие | E81: бортовой КамАЗ желтый с UNIC | F81: доски | I81: K07156189_21_20251213T125714Z.jpg | J81: C:\ВИДЕОНАБЛЮДЕНИЕ\4 Крыльцо офиса\ | K81: 4 Крыльцо офиса\K07156189_21_20251213T125714Z.jpg | L81: сб 13.12.2025 — 12:57:14 | M81: =HYPERLINK(склад2въезд13[[#This Row],[RelativePath]]) -> 4 Крыльцо офиса\K07156189_21_20251213T125714Z.jpg
A82: сб | B82: 46004 | C82: 0.5459375 | D82: Убытие на територию | E82: бортовой КамАЗ желтый с UNIC | F82: доски | I82: K07156189_21_20251213T130609Z.jpg | J82: C:\ВИДЕОНАБЛЮДЕНИЕ\4 Крыльцо офиса\ | K82: 4 Крыльцо офиса\K07156189_21_20251213T130609Z.jpg | L82: сб 13.12.2025 — 13:06:09 | M82: =HYPERLINK(склад2въезд13[[#This Row],[RelativePath]]) -> 4 Крыльцо офиса\K07156189_21_20251213T130609Z.jpg
A83: вс | B83: 46005 | C83: 0.69658565 | D83: без событий | E83: Территория | I83: K07156189_21_20251214T164305Z.jpg | J83: C:\ВИДЕОНАБЛЮДЕНИЕ\4 Крыльцо офиса\ | K83: 4 Крыльцо офиса\K07156189_21_20251214T164305Z.jpg | L83: вс 14.12.2025 — 16:43:05 | M83: =HYPERLINK(склад2въезд13[[#This Row],[RelativePath]]) -> 4 Крыльцо офиса\K07156189_21_20251214T164305Z.jpg
A84: пн | B84: 46006 | C84: 0.46166667 | D84: Фиксация в кадре | E84: Территория | I84: K07156189_21_20251215T110448Z.jpg | J84: C:\ВИДЕОНАБЛЮДЕНИЕ\4 Крыльцо офиса\ | K84: 4 Крыльцо офиса\K07156189_21_20251215T110448Z.jpg | L84: пн 15.12.2025 — 11:04:48 | M84: =HYPERLINK(склад2въезд13[[#This Row],[RelativePath]]) -> 4 Крыльцо офиса\K07156189_21_20251215T110448Z.jpg
A85: пн | B85: 46006 | C85: 0.51274306 | D85: Загрузка | E85: Газель базы | F85: баллон | I85: K07156189_21_20251215T121821Z.jpg | J85: C:\ВИДЕОНАБЛЮДЕНИЕ\4 Крыльцо офиса\ | K85: 4 Крыльцо офиса\K07156189_21_20251215T121821Z.jpg | L85: пн 15.12.2025 — 12:18:21 | M85: =HYPERLINK(склад2въезд13[[#This Row],[RelativePath]]) -> 4 Крыльцо офиса\K07156189_21_20251215T121821Z.jpg
A86: вт | B86: 46007 | C86: 0.448125 | D86: Прибытие | E86: Легковая с прицепом | F86: порожний | I86: K07156189_21_20251216T104518Z.jpg | J86: C:\ВИДЕОНАБЛЮДЕНИЕ\4 Крыльцо офиса\ | K86: 4 Крыльцо офиса\K07156189_21_20251216T104518Z.jpg | L86: вт 16.12.2025 — 10:45:18 | M86: =HYPERLINK(склад2въезд13[[#This Row],[RelativePath]]) -> 4 Крыльцо офиса\K07156189_21_20251216T104518Z.jpg
A87: вт | B87: 46007 | C87: 0.45142361 | D87: Загрузка | E87: Легковая с прицепом | F87: канистры | I87: K07156189_21_20251216T105003Z.jpg | J87: C:\ВИДЕОНАБЛЮДЕНИЕ\4 Крыльцо офиса\ | K87: 4 Крыльцо офиса\K07156189_21_20251216T105003Z.jpg | L87: вт 16.12.2025 — 10:50:03 | M87: =HYPERLINK(склад2въезд13[[#This Row],[RelativePath]]) -> 4 Крыльцо офиса\K07156189_21_20251216T105003Z.jpg
A88: ср | B88: 46008 | C88: 0.71788194 | D88: Фиксация в кадре | E88: Доставка досок на легковой | I88: K07156189_21_20251217T171345Z.jpg | J88: C:\ВИДЕОНАБЛЮДЕНИЕ\4 Крыльцо офиса\ | K88: 4 Крыльцо офиса\K07156189_21_20251217T171345Z.jpg | L88: ср 17.12.2025 — 17:13:45 | M88: =HYPERLINK(склад2въезд13[[#This Row],[RelativePath]]) -> 4 Крыльцо офиса\K07156189_21_20251217T171345Z.jpg
A89: чт | B89: 46009 | C89: 0.3696412 | D89: Убытие | E89: КАМАЗ базы | F89: порожний | I89: K07156189_21_20251218T085217Z.jpg | J89: C:\ВИДЕОНАБЛЮДЕНИЕ\4 Крыльцо офиса\ | K89: 4 Крыльцо офиса\K07156189_21_20251218T085217Z.jpg | L89: чт 18.12.2025 — 08:52:17 | M89: =HYPERLINK(склад2въезд13[[#This Row],[RelativePath]]) -> 4 Крыльцо офиса\K07156189_21_20251218T085217Z.jpg
A90: чт | B90: 46009 | C90: 0.55037037 | D90: Прибытие | E90: КАМАЗ базы | F90: порожний | I90: K07156189_21_20251218T131232Z.jpg | J90: C:\ВИДЕОНАБЛЮДЕНИЕ\4 Крыльцо офиса\ | K90: 4 Крыльцо офиса\K07156189_21_20251218T131232Z.jpg | L90: чт 18.12.2025 — 13:12:32 | M90: =HYPERLINK(склад2въезд13[[#This Row],[RelativePath]]) -> 4 Крыльцо офиса\K07156189_21_20251218T131232Z.jpg
A91: пт | B91: 46010 | C91: 0.71738426 | D91: без событий | E91: Территория | I91: K07156189_21_20251219T171302Z.jpg | J91: C:\ВИДЕОНАБЛЮДЕНИЕ\4 Крыльцо офиса\ | K91: 4 Крыльцо офиса\K07156189_21_20251219T171302Z.jpg | L91: пт 19.12.2025 — 17:13:02 | M91: =HYPERLINK(склад2въезд13[[#This Row],[RelativePath]]) -> 4 Крыльцо офиса\K07156189_21_20251219T171302Z.jpg
A92: сб | B92: 46011 | C92: 0.56591435 | D92: без событий | E92: Территория | I92: K07156189_21_20251220T133455Z.jpg | J92: C:\ВИДЕОНАБЛЮДЕНИЕ\4 Крыльцо офиса\ | K92: 4 Крыльцо офиса\K07156189_21_20251220T133455Z.jpg | L92: сб 20.12.2025 — 13:34:55 | M92: =HYPERLINK(склад2въезд13[[#This Row],[RelativePath]]) -> 4 Крыльцо офиса\K07156189_21_20251220T133455Z.jpg
A93: вс | B93: 46012 | C93: 0.71121528 | D93: без событий | E93: Территория | I93: K07156189_21_20251221T170409Z.jpg | J93: C:\ВИДЕОНАБЛЮДЕНИЕ\4 Крыльцо офиса\ | K93: 4 Крыльцо офиса\K07156189_21_20251221T170409Z.jpg | L93: вс 21.12.2025 — 17:04:09 | M93: =HYPERLINK(склад2въезд13[[#This Row],[RelativePath]]) -> 4 Крыльцо офиса\K07156189_21_20251221T170409Z.jpg
A94: пн | B94: 46013 | C94: 0.67793981 | D94: без событий | E94: Территория | I94: K07156189_21_20251222T161614Z.jpg | J94: C:\ВИДЕОНАБЛЮДЕНИЕ\4 Крыльцо офиса\ | K94: 4 Крыльцо офиса\K07156189_21_20251222T161614Z.jpg | L94: пн 22.12.2025 — 16:16:14 | M94: =HYPERLINK(склад2въезд13[[#This Row],[RelativePath]]) -> 4 Крыльцо офиса\K07156189_21_20251222T161614Z.jpg
A95: вт | B95: 46014 | C95: 0.75917824 | D95: Прибытие | E95: Лесовоз | F95: бревна | I95: K07156189_21_20251223T181313Z.jpg | J95: C:\ВИДЕОНАБЛЮДЕНИЕ\4 Крыльцо офиса\ | K95: 4 Крыльцо офиса\K07156189_21_20251223T181313Z.jpg | L95: вт 23.12.2025 — 18:13:13 | M95: =HYPERLINK(склад2въезд13[[#This Row],[RelativePath]]) -> 4 Крыльцо офиса\K07156189_21_20251223T181313Z.jpg
A96: вт | B96: 46014 | C96: 0.77853009 | D96: Подготовка к загрузке | E96: Лесовоз | F96: бревна | I96: K07156189_21_20251223T184105Z.jpg | J96: C:\ВИДЕОНАБЛЮДЕНИЕ\4 Крыльцо офиса\ | K96: 4 Крыльцо офиса\K07156189_21_20251223T184105Z.jpg | L96: вт 23.12.2025 — 18:41:05 | M96: =HYPERLINK(склад2въезд13[[#This Row],[RelativePath]]) -> 4 Крыльцо офиса\K07156189_21_20251223T184105Z.jpg
A97: вт | B97: 46014 | C97: 0.79300926 | D97: Разгрузка | E97: Лесовоз | F97: бревна | I97: K07156189_21_20251223T190156Z.jpg | J97: C:\ВИДЕОНАБЛЮДЕНИЕ\4 Крыльцо офиса\ | K97: 4 Крыльцо офиса\K07156189_21_20251223T190156Z.jpg | L97: вт 23.12.2025 — 19:01:56 | M97: =HYPERLINK(склад2въезд13[[#This Row],[RelativePath]]) -> 4 Крыльцо офиса\K07156189_21_20251223T190156Z.jpg
A98: вт | B98: 46014 | C98: 0.81364583 | D98: Убытие | E98: Лесовоз | F98: порожний | I98: K07156189_21_20251223T193139Z.jpg | J98: C:\ВИДЕОНАБЛЮДЕНИЕ\4 Крыльцо офиса\ | K98: 4 Крыльцо офиса\K07156189_21_20251223T193139Z.jpg | L98: вт 23.12.2025 — 19:31:39 | M98: =HYPERLINK(склад2въезд13[[#This Row],[RelativePath]]) -> 4 Крыльцо офиса\K07156189_21_20251223T193139Z.jpg
A99: ср | B99: 46015 | C99: 0.68591435 | D99: без событий | E99: Территория | I99: K07156189_21_20251224T162743Z.jpg | J99: C:\ВИДЕОНАБЛЮДЕНИЕ\4 Крыльцо офиса\ | K99: 4 Крыльцо офиса\K07156189_21_20251224T162743Z.jpg | L99: ср 24.12.2025 — 16:27:43 | M99: =HYPERLINK(склад2въезд13[[#This Row],[RelativePath]]) -> 4 Крыльцо офиса\K07156189_21_20251224T162743Z.jpg
A100: ср | B100: 46015 | C100: 0.88596065 | D100: Прибытие | E100: MAN TGA лесовоз с прицепом | F100: бревна | I100: K07156189_21_20251224T211547Z.jpg | J100: C:\ВИДЕОНАБЛЮДЕНИЕ\4 Крыльцо офиса\ | K100: 4 Крыльцо офиса\K07156189_21_20251224T211547Z.jpg | L100: ср 24.12.2025 — 21:15:47 | M100: =HYPERLINK(склад2въезд13[[#This Row],[RelativePath]]) -> 4 Крыльцо офиса\K07156189_21_20251224T211547Z.jpg
A101: ср | B101: 46015 | C101: 0.90452546 | D101: Стоянка | E101: MAN TGA лесовоз с прицепом | F101: бревна | I101: K07156189_21_20251224T214231Z.jpg | J101: C:\ВИДЕОНАБЛЮДЕНИЕ\4 Крыльцо офиса\ | K101: 4 Крыльцо офиса\K07156189_21_20251224T214231Z.jpg | L101: ср 24.12.2025 — 21:42:31 | M101: =HYPERLINK(склад2въезд13[[#This Row],[RelativePath]]) -> 4 Крыльцо офиса\K07156189_21_20251224T214231Z.jpg
...

Sheet 5 Крыльцо общага
A1: День нед | B1: Дата | C1: Время | D1: Событие | E1: Объект | F1: Груз | G1: Кол-во | H1: Примечание | I1: Name | J1: Folder Path | K1: RelativePath | L1: Подпись | M1: Ссылка на фото
A2: пн | B2: 45971 | C2: 0.34177083 | D2: Фиксация в кадре | E2: Территория | H2: Начало дня | I2: K07156189_22_20251110T081209Z.jpg | J2: C:\ВИДЕОНАБЛЮДЕНИЕ\5 Крыльцо общага\ | K2: 5 Крыльцо общага\K07156189_22_20251110T081209Z.jpg | L2: пн 10.11.2025 — 08:12:09 | M2: =HYPERLINK(склад2въезд1319[[#This Row],[RelativePath]]) -> 5 Крыльцо общага\K07156189_22_20251110T081209Z.jpg
A3: пн | B3: 45971 | C3: 0.45474537 | D3: Перевозка бревен | E3: Разбираемый сруб | I3: K07156189_22_20251110T105450Z.jpg | J3: C:\ВИДЕОНАБЛЮДЕНИЕ\5 Крыльцо общага\ | K3: 5 Крыльцо общага\K07156189_22_20251110T105450Z.jpg | L3: пн 10.11.2025 — 10:54:50 | M3: =HYPERLINK(склад2въезд1319[[#This Row],[RelativePath]]) -> 5 Крыльцо общага\K07156189_22_20251110T105450Z.jpg
A4: пн | B4: 45971 | C4: 0.52840278 | D4: Работа крана | E4: Разбираемый сруб | I4: K07156189_22_20251110T124054Z.jpg | J4: C:\ВИДЕОНАБЛЮДЕНИЕ\5 Крыльцо общага\ | K4: 5 Крыльцо общага\K07156189_22_20251110T124054Z.jpg | L4: пн 10.11.2025 — 12:40:54 | M4: =HYPERLINK(склад2въезд1319[[#This Row],[RelativePath]]) -> 5 Крыльцо общага\K07156189_22_20251110T124054Z.jpg
A5: пн | B5: 45971 | C5: 0.60104167 | D5: Фиксация в кадре | E5: Разбор сруба | I5: K07156189_22_20251110T142530Z.jpg | J5: C:\ВИДЕОНАБЛЮДЕНИЕ\5 Крыльцо общага\ | K5: 5 Крыльцо общага\K07156189_22_20251110T142530Z.jpg | L5: пн 10.11.2025 — 14:25:30 | M5: =HYPERLINK(склад2въезд1319[[#This Row],[RelativePath]]) -> 5 Крыльцо общага\K07156189_22_20251110T142530Z.jpg
A6: пн | B6: 45971 | C6: 0.61381944 | D6: Фиксация в кадре | E6: Сотрудник с поленьями | I6: K07156189_22_20251110T144354Z.jpg | J6: C:\ВИДЕОНАБЛЮДЕНИЕ\5 Крыльцо общага\ | K6: 5 Крыльцо общага\K07156189_22_20251110T144354Z.jpg | L6: пн 10.11.2025 — 14:43:54 | M6: =HYPERLINK(склад2въезд1319[[#This Row],[RelativePath]]) -> 5 Крыльцо общага\K07156189_22_20251110T144354Z.jpg
A7: пн | B7: 45971 | C7: 0.61496528 | D7: Фиксация в кадре | E7: Сотрудник с поленьями | I7: K07156189_22_20251110T144533Z.jpg | J7: C:\ВИДЕОНАБЛЮДЕНИЕ\5 Крыльцо общага\ | K7: 5 Крыльцо общага\K07156189_22_20251110T144533Z.jpg | L7: пн 10.11.2025 — 14:45:33 | M7: =HYPERLINK(склад2въезд1319[[#This Row],[RelativePath]]) -> 5 Крыльцо общага\K07156189_22_20251110T144533Z.jpg
A8: пн | B8: 45971 | C8: 0.62350694 | D8: Фиксация в кадре | E8: Разбор сруба | I8: K07156189_22_20251110T145751Z.jpg | J8: C:\ВИДЕОНАБЛЮДЕНИЕ\5 Крыльцо общага\ | K8: 5 Крыльцо общага\K07156189_22_20251110T145751Z.jpg | L8: пн 10.11.2025 — 14:57:51 | M8: =HYPERLINK(склад2въезд1319[[#This Row],[RelativePath]]) -> 5 Крыльцо общага\K07156189_22_20251110T145751Z.jpg
A9: пн | B9: 45971 | C9: 0.73828704 | D9: Фиксация в кадре | E9: Сруб разобран | I9: K07156189_22_20251110T174308Z.jpg | J9: C:\ВИДЕОНАБЛЮДЕНИЕ\5 Крыльцо общага\ | K9: 5 Крыльцо общага\K07156189_22_20251110T174308Z.jpg | L9: пн 10.11.2025 — 17:43:08 | M9: =HYPERLINK(склад2въезд1319[[#This Row],[RelativePath]]) -> 5 Крыльцо общага\K07156189_22_20251110T174308Z.jpg
A10: вт | B10: 45972 | C10: 0.3471875 | D10: Фиксация в кадре | E10: Территория | H10: Начало дня | I10: K07156189_22_20251111T081957Z.jpg | J10: C:\ВИДЕОНАБЛЮДЕНИЕ\5 Крыльцо общага\ | K10: 5 Крыльцо общага\K07156189_22_20251111T081957Z.jpg | L10: вт 11.11.2025 — 08:19:57 | M10: =HYPERLINK(склад2въезд1319[[#This Row],[RelativePath]]) -> 5 Крыльцо общага\K07156189_22_20251111T081957Z.jpg
A11: вт | B11: 45972 | C11: 0.3912037 | D11: Фиксация в кадре | E11: Погрузка поленьев в авто | I11: K07156189_22_20251111T092320Z.jpg | J11: C:\ВИДЕОНАБЛЮДЕНИЕ\5 Крыльцо общага\ | K11: 5 Крыльцо общага\K07156189_22_20251111T092320Z.jpg | L11: вт 11.11.2025 — 09:23:20 | M11: =HYPERLINK(склад2въезд1319[[#This Row],[RelativePath]]) -> 5 Крыльцо общага\K07156189_22_20251111T092320Z.jpg
A12: вт | B12: 45972 | C12: 0.39533565 | D12: Начало погрузки | E12: Погрузчик, желтый | I12: K07156189_22_20251111T092917Z.jpg | J12: C:\ВИДЕОНАБЛЮДЕНИЕ\5 Крыльцо общага\ | K12: 5 Крыльцо общага\K07156189_22_20251111T092917Z.jpg | L12: вт 11.11.2025 — 09:29:17 | M12: =HYPERLINK(склад2въезд1319[[#This Row],[RelativePath]]) -> 5 Крыльцо общага\K07156189_22_20251111T092917Z.jpg
A13: вт | B13: 45972 | C13: 0.39787037 | D13: Загрузка | E13: Погрузчик, желтый | F13: бревна со сруба | I13: K07156189_22_20251111T093256Z.jpg | J13: C:\ВИДЕОНАБЛЮДЕНИЕ\5 Крыльцо общага\ | K13: 5 Крыльцо общага\K07156189_22_20251111T093256Z.jpg | L13: вт 11.11.2025 — 09:32:56 | M13: =HYPERLINK(склад2въезд1319[[#This Row],[RelativePath]]) -> 5 Крыльцо общага\K07156189_22_20251111T093256Z.jpg
A14: вт | B14: 45972 | C14: 0.4037037 | D14: Загрузка | E14: Погрузчик, желтый | F14: бревна со сруба | I14: K07156189_22_20251111T094120Z.jpg | J14: C:\ВИДЕОНАБЛЮДЕНИЕ\5 Крыльцо общага\ | K14: 5 Крыльцо общага\K07156189_22_20251111T094120Z.jpg | L14: вт 11.11.2025 — 09:41:20 | M14: =HYPERLINK(склад2въезд1319[[#This Row],[RelativePath]]) -> 5 Крыльцо общага\K07156189_22_20251111T094120Z.jpg
A15: вт | B15: 45972 | C15: 0.40377315 | D15: Загрузка | E15: Погрузчик, желтый | F15: бревна со сруба | I15: K07156189_22_20251111T094126Z.jpg | J15: C:\ВИДЕОНАБЛЮДЕНИЕ\5 Крыльцо общага\ | K15: 5 Крыльцо общага\K07156189_22_20251111T094126Z.jpg | L15: вт 11.11.2025 — 09:41:26 | M15: =HYPERLINK(склад2въезд1319[[#This Row],[RelativePath]]) -> 5 Крыльцо общага\K07156189_22_20251111T094126Z.jpg
A16: вт | B16: 45972 | C16: 0.40597222 | D16: Загрузка | E16: Погрузчик, желтый | F16: бревна со сруба | I16: K07156189_22_20251111T094436Z.jpg | J16: C:\ВИДЕОНАБЛЮДЕНИЕ\5 Крыльцо общага\ | K16: 5 Крыльцо общага\K07156189_22_20251111T094436Z.jpg | L16: вт 11.11.2025 — 09:44:36 | M16: =HYPERLINK(склад2въезд1319[[#This Row],[RelativePath]]) -> 5 Крыльцо общага\K07156189_22_20251111T094436Z.jpg
A17: вт | B17: 45972 | C17: 0.40881944 | D17: Загрузка | E17: Погрузчик, желтый | F17: бревна со сруба | I17: K07156189_22_20251111T094842Z.jpg | J17: C:\ВИДЕОНАБЛЮДЕНИЕ\5 Крыльцо общага\ | K17: 5 Крыльцо общага\K07156189_22_20251111T094842Z.jpg | L17: вт 11.11.2025 — 09:48:42 | M17: =HYPERLINK(склад2въезд1319[[#This Row],[RelativePath]]) -> 5 Крыльцо общага\K07156189_22_20251111T094842Z.jpg
A18: вт | B18: 45972 | C18: 0.4105787 | D18: Загрузка | E18: Погрузчик, желтый | F18: бревна со сруба | I18: K07156189_22_20251111T095114Z.jpg | J18: C:\ВИДЕОНАБЛЮДЕНИЕ\5 Крыльцо общага\ | K18: 5 Крыльцо общага\K07156189_22_20251111T095114Z.jpg | L18: вт 11.11.2025 — 09:51:14 | M18: =HYPERLINK(склад2въезд1319[[#This Row],[RelativePath]]) -> 5 Крыльцо общага\K07156189_22_20251111T095114Z.jpg
A19: вт | B19: 45972 | C19: 0.41136574 | D19: Загрузка | E19: Погрузчик, желтый | F19: бревна со сруба | I19: K07156189_22_20251111T095222Z.jpg | J19: C:\ВИДЕОНАБЛЮДЕНИЕ\5 Крыльцо общага\ | K19: 5 Крыльцо общага\K07156189_22_20251111T095222Z.jpg | L19: вт 11.11.2025 — 09:52:22 | M19: =HYPERLINK(склад2въезд1319[[#This Row],[RelativePath]]) -> 5 Крыльцо общага\K07156189_22_20251111T095222Z.jpg
A20: вт | B20: 45972 | C20: 0.413125 | D20: Загрузка | E20: Погрузчик, желтый | F20: бревна со сруба | I20: K07156189_22_20251111T095454Z.jpg | J20: C:\ВИДЕОНАБЛЮДЕНИЕ\5 Крыльцо общага\ | K20: 5 Крыльцо общага\K07156189_22_20251111T095454Z.jpg | L20: вт 11.11.2025 — 09:54:54 | M20: =HYPERLINK(склад2въезд1319[[#This Row],[RelativePath]]) -> 5 Крыльцо общага\K07156189_22_20251111T095454Z.jpg
A21: вт | B21: 45972 | C21: 0.41627315 | D21: Загрузка | E21: Погрузчик, желтый | F21: бревна со сруба | I21: K07156189_22_20251111T095926Z.jpg | J21: C:\ВИДЕОНАБЛЮДЕНИЕ\5 Крыльцо общага\ | K21: 5 Крыльцо общага\K07156189_22_20251111T095926Z.jpg | L21: вт 11.11.2025 — 09:59:26 | M21: =HYPERLINK(склад2въезд1319[[#This Row],[RelativePath]]) -> 5 Крыльцо общага\K07156189_22_20251111T095926Z.jpg
A22: вт | B22: 45972 | C22: 0.42262731 | D22: Загрузка | E22: Погрузчик, желтый | F22: бревна со сруба | I22: K07156189_22_20251111T100835Z.jpg | J22: C:\ВИДЕОНАБЛЮДЕНИЕ\5 Крыльцо общага\ | K22: 5 Крыльцо общага\K07156189_22_20251111T100835Z.jpg | L22: вт 11.11.2025 — 10:08:35 | M22: =HYPERLINK(склад2въезд1319[[#This Row],[RelativePath]]) -> 5 Крыльцо общага\K07156189_22_20251111T100835Z.jpg
A23: вт | B23: 45972 | C23: 0.42736111 | D23: Загрузка | E23: Погрузчик, желтый | F23: бревна со сруба | I23: K07156189_22_20251111T101524Z.jpg | J23: C:\ВИДЕОНАБЛЮДЕНИЕ\5 Крыльцо общага\ | K23: 5 Крыльцо общага\K07156189_22_20251111T101524Z.jpg | L23: вт 11.11.2025 — 10:15:24 | M23: =HYPERLINK(склад2въезд1319[[#This Row],[RelativePath]]) -> 5 Крыльцо общага\K07156189_22_20251111T101524Z.jpg
A24: вт | B24: 45972 | C24: 0.42944444 | D24: Загрузка | E24: Погрузчик, желтый | F24: бревна со сруба | I24: K07156189_22_20251111T101824Z.jpg | J24: C:\ВИДЕОНАБЛЮДЕНИЕ\5 Крыльцо общага\ | K24: 5 Крыльцо общага\K07156189_22_20251111T101824Z.jpg | L24: вт 11.11.2025 — 10:18:24 | M24: =HYPERLINK(склад2въезд1319[[#This Row],[RelativePath]]) -> 5 Крыльцо общага\K07156189_22_20251111T101824Z.jpg
... A26: вт | B26: 45972 | C26: 0.43408565 | D26: Загрузка | E26: Погрузчик, желтый | F26: бревна со сруба | I26: K07156189_22_20251111T102505Z.jpg | J26: C:\ВИДЕОНАБЛЮДЕНИЕ\5 Крыльцо общага\ | K26: 5 Крыльцо общага\K07156189_22_20251111T102505Z.jpg | L26: вт 11.11.2025 — 10:25:05 | M26: =HYPERLINK(склад2въезд1319[[#This Row],[RelativePath]]) -> 5 Крыльцо общага\K07156189_22_20251111T102505Z.jpg
A27: вт | B27: 45972 | C27: 0.43606481 | D27: Загрузка | E27: Погрузчик, желтый | F27: бракованное бревно | H27: с другой площадки | I27: K07156189_22_20251111T102756Z.jpg | J27: C:\ВИДЕОНАБЛЮДЕНИЕ\5 Крыльцо общага\ | K27: 5 Крыльцо общага\K07156189_22_20251111T102756Z.jpg | L27: вт 11.11.2025 — 10:27:56 | M27: =HYPERLINK(склад2въезд1319[[#This Row],[RelativePath]]) -> 5 Крыльцо общага\K07156189_22_20251111T102756Z.jpg
A28: вт | B28: 45972 | C28: 0.43878472 | D28: Окончание погрузки | E28: Погрузчик, желтый | F28: бревна со сруба | I28: K07156189_22_20251111T103151Z.jpg | J28: C:\ВИДЕОНАБЛЮДЕНИЕ\5 Крыльцо общага\ | K28: 5 Крыльцо общага\K07156189_22_20251111T103151Z.jpg | L28: вт 11.11.2025 — 10:31:51 | M28: =HYPERLINK(склад2въезд1319[[#This Row],[RelativePath]]) -> 5 Крыльцо общага\K07156189_22_20251111T103151Z.jpg
A29: вт | B29: 45972 | C29: 0.44353009 | D29: Выезд задним ходом | E29: Погрузчик, желтый | F29: бревна со сруба | I29: K07156189_22_20251111T103841Z.jpg | J29: C:\ВИДЕОНАБЛЮДЕНИЕ\5 Крыльцо общага\ | K29: 5 Крыльцо общага\K07156189_22_20251111T103841Z.jpg | L29: вт 11.11.2025 — 10:38:41 | M29: =HYPERLINK(склад2въезд1319[[#This Row],[RelativePath]]) -> 5 Крыльцо общага\K07156189_22_20251111T103841Z.jpg
A30: вт | B30: 45972 | C30: 0.64351852 | D30: Фиксация в кадре | E30: Территория после загрузки | I30: K07156189_22_20251111T152640Z.jpg | J30: C:\ВИДЕОНАБЛЮДЕНИЕ\5 Крыльцо общага\ | K30: 5 Крыльцо общага\K07156189_22_20251111T152640Z.jpg | L30: вт 11.11.2025 — 15:26:40 | M30: =HYPERLINK(склад2въезд1319[[#This Row],[RelativePath]]) -> 5 Крыльцо общага\K07156189_22_20251111T152640Z.jpg
A31: ср | B31: 45973 | C31: 0.36234954 | D31: Фиксация в кадре | E31: Территория | H31: Начало дня | I31: K07156189_22_20251112T084147Z.jpg | J31: C:\ВИДЕОНАБЛЮДЕНИЕ\5 Крыльцо общага\ | K31: 5 Крыльцо общага\K07156189_22_20251112T084147Z.jpg | L31: ср 12.11.2025 — 08:41:47 | M31: =HYPERLINK(склад2въезд1319[[#This Row],[RelativePath]]) -> 5 Крыльцо общага\K07156189_22_20251112T084147Z.jpg
A32: ср | B32: 45973 | C32: 0.50559028 | D32: Фиксация в кадре | E32: Территория | I32: K07156189_22_20251112T120803Z.jpg | J32: C:\ВИДЕОНАБЛЮДЕНИЕ\5 Крыльцо общага\ | K32: 5 Крыльцо общага\K07156189_22_20251112T120803Z.jpg | L32: ср 12.11.2025 — 12:08:03 | M32: =HYPERLINK(склад2въезд1319[[#This Row],[RelativePath]]) -> 5 Крыльцо общага\K07156189_22_20251112T120803Z.jpg
A33: ср | B33: 45973 | C33: 0.6971412 | D33: Фиксация в кадре | E33: Территория, самосвал выгружает землю | H33: Дальний план | I33: K07156189_22_20251112T164353Z.jpg | J33: C:\ВИДЕОНАБЛЮДЕНИЕ\5 Крыльцо общага\ | K33: 5 Крыльцо общага\K07156189_22_20251112T164353Z.jpg | L33: ср 12.11.2025 — 16:43:53 | M33: =HYPERLINK(склад2въезд1319[[#This Row],[RelativePath]]) -> 5 Крыльцо общага\K07156189_22_20251112T164353Z.jpg
A34: чт | B34: 45974 | C34: 0.36880787 | D34: Фиксация в кадре | E34: Территория | H34: Начало дня | I34: K07156189_22_20251113T085105Z.jpg | J34: C:\ВИДЕОНАБЛЮДЕНИЕ\5 Крыльцо общага\ | K34: 5 Крыльцо общага\K07156189_22_20251113T085105Z.jpg | L34: чт 13.11.2025 — 08:51:05 | M34: =HYPERLINK(склад2въезд1319[[#This Row],[RelativePath]]) -> 5 Крыльцо общага\K07156189_22_20251113T085105Z.jpg
A35: чт | B35: 45974 | C35: 0.41435185 | D35: Фиксация в кадре | E35: Территория | H35: Провоз земли трактором | I35: K07156189_22_20251113T095640Z.jpg | J35: C:\ВИДЕОНАБЛЮДЕНИЕ\5 Крыльцо общага\ | K35: 5 Крыльцо общага\K07156189_22_20251113T095640Z.jpg | L35: чт 13.11.2025 — 09:56:40 | M35: =HYPERLINK(склад2въезд1319[[#This Row],[RelativePath]]) -> 5 Крыльцо общага\K07156189_22_20251113T095640Z.jpg
A36: чт | B36: 45974 | C36: 0.61059028 | D36: Фиксация в кадре | E36: Территория | I36: K07156189_22_20251113T143915Z.jpg | J36: C:\ВИДЕОНАБЛЮДЕНИЕ\5 Крыльцо общага\ | K36: 5 Крыльцо общага\K07156189_22_20251113T143915Z.jpg | L36: чт 13.11.2025 — 14:39:15 | M36: =HYPERLINK(склад2въезд1319[[#This Row],[RelativePath]]) -> 5 Крыльцо общага\K07156189_22_20251113T143915Z.jpg
A37: чт | B37: 45974 | C37: 0.71030093 | D37: Фиксация в кадре | E37: Территория | H37: Конец дня | I37: K07156189_22_20251113T170250Z.jpg | J37: C:\ВИДЕОНАБЛЮДЕНИЕ\5 Крыльцо общага\ | K37: 5 Крыльцо общага\K07156189_22_20251113T170250Z.jpg | L37: чт 13.11.2025 — 17:02:50 | M37: =HYPERLINK(склад2въезд1319[[#This Row],[RelativePath]]) -> 5 Крыльцо общага\K07156189_22_20251113T170250Z.jpg
A38: пт | B38: 45975 | C38: 0.3830787 | D38: Фиксация в кадре | E38: Территория | H38: Начало дня | I38: K07156189_22_20251114T091138Z.jpg | J38: C:\ВИДЕОНАБЛЮДЕНИЕ\5 Крыльцо общага\ | K38: 5 Крыльцо общага\K07156189_22_20251114T091138Z.jpg | L38: пт 14.11.2025 — 09:11:38 | M38: =HYPERLINK(склад2въезд1319[[#This Row],[RelativePath]]) -> 5 Крыльцо общага\K07156189_22_20251114T091138Z.jpg
A39: пт | B39: 45975 | C39: 0.3990162 | D39: Фиксация в кадре | E39: Территория, очистка места с разобранного сруба | I39: K07156189_22_20251114T093435Z.jpg | J39: C:\ВИДЕОНАБЛЮДЕНИЕ\5 Крыльцо общага\ | K39: 5 Крыльцо общага\K07156189_22_20251114T093435Z.jpg | L39: пт 14.11.2025 — 09:34:35 | M39: =HYPERLINK(склад2въезд1319[[#This Row],[RelativePath]]) -> 5 Крыльцо общага\K07156189_22_20251114T093435Z.jpg
A40: пт | B40: 45975 | C40: 0.42150463 | D40: Фиксация в кадре | E40: Территория, очистка места с разобранного сруба | I40: K07156189_22_20251114T100658Z.jpg | J40: C:\ВИДЕОНАБЛЮДЕНИЕ\5 Крыльцо общага\ | K40: 5 Крыльцо общага\K07156189_22_20251114T100658Z.jpg | L40: пт 14.11.2025 — 10:06:58 | M40: =HYPERLINK(склад2въезд1319[[#This Row],[RelativePath]]) -> 5 Крыльцо общага\K07156189_22_20251114T100658Z.jpg
A41: пт | B41: 45975 | C41: 0.48582176 | D41: Фиксация в кадре | E41: Территория, загрузка отрезков бревен в трактор базы | H41: площадка Кран | I41: K07156189_22_20251114T113935Z.jpg | J41: C:\ВИДЕОНАБЛЮДЕНИЕ\5 Крыльцо общага\ | K41: 5 Крыльцо общага\K07156189_22_20251114T113935Z.jpg | L41: пт 14.11.2025 — 11:39:35 | M41: =HYPERLINK(склад2въезд1319[[#This Row],[RelativePath]]) -> 5 Крыльцо общага\K07156189_22_20251114T113935Z.jpg
A42: пт | B42: 45975 | C42: 0.59027778 | D42: Фиксация в кадре | E42: Территория | I42: K07156189_22_20251114T141000Z.jpg | J42: C:\ВИДЕОНАБЛЮДЕНИЕ\5 Крыльцо общага\ | K42: 5 Крыльцо общага\K07156189_22_20251114T141000Z.jpg | L42: пт 14.11.2025 — 14:10:00 | M42: =HYPERLINK(склад2въезд1319[[#This Row],[RelativePath]]) -> 5 Крыльцо общага\K07156189_22_20251114T141000Z.jpg
A43: пт | B43: 45975 | C43: 0.73313657 | D43: Фиксация в кадре | E43: Территория | H43: Конец дня | I43: K07156189_22_20251114T173543Z.jpg | J43: C:\ВИДЕОНАБЛЮДЕНИЕ\5 Крыльцо общага\ | K43: 5 Крыльцо общага\K07156189_22_20251114T173543Z.jpg | L43: пт 14.11.2025 — 17:35:43 | M43: =HYPERLINK(склад2въезд1319[[#This Row],[RelativePath]]) -> 5 Крыльцо общага\K07156189_22_20251114T173543Z.jpg
A44: сб | B44: 45976 | C44: 0.35337963 | D44: Фиксация в кадре | E44: Территория | H44: конец дня | I44: K07156189_22_20251115T082852Z.jpg | J44: C:\ВИДЕОНАБЛЮДЕНИЕ\5 Крыльцо общага\ | K44: 5 Крыльцо общага\K07156189_22_20251115T082852Z.jpg | L44: сб 15.11.2025 — 08:28:52 | M44: =HYPERLINK(склад2въезд1319[[#This Row],[RelativePath]]) -> 5 Крыльцо общага\K07156189_22_20251115T082852Z.jpg
A45: сб | B45: 45976 | C45: 0.72494213 | D45: Фиксация в кадре | E45: Территория | H45: начало дня | I45: K07156189_22_20251115T172355Z.jpg | J45: C:\ВИДЕОНАБЛЮДЕНИЕ\5 Крыльцо общага\ | K45: 5 Крыльцо общага\K07156189_22_20251115T172355Z.jpg | L45: сб 15.11.2025 — 17:23:55 | M45: =HYPERLINK(склад2въезд1319[[#This Row],[RelativePath]]) -> 5 Крыльцо общага\K07156189_22_20251115T172355Z.jpg
A46: вс | B46: 45977 | C46: 0.74074074 | D46: Фиксация в кадре | E46: нет дневных записей | H46: конец дня | I46: K07156189_22_20251116T174640Z.jpg | J46: C:\ВИДЕОНАБЛЮДЕНИЕ\5 Крыльцо общага\ | K46: 5 Крыльцо общага\K07156189_22_20251116T174640Z.jpg | L46: вс 16.11.2025 — 17:46:40 | M46: =HYPERLINK(склад2въезд1319[[#This Row],[RelativePath]]) -> 5 Крыльцо общага\K07156189_22_20251116T174640Z.jpg
A47: пн | B47: 45978 | C47: 0.73482639 | D47: Фиксация в кадре | E47: Территория | I47: K07156189_22_20251117T173809Z.jpg | J47: C:\ВИДЕОНАБЛЮДЕНИЕ\5 Крыльцо общага\ | K47: 5 Крыльцо общага\K07156189_22_20251117T173809Z.jpg | L47: пн 17.11.2025 — 17:38:09 | M47: =HYPERLINK(склад2въезд1319[[#This Row],[RelativePath]]) -> 5 Крыльцо общага\K07156189_22_20251117T173809Z.jpg
A48: вт | B48: 45979 | C48: 0.43456019 | D48: Фиксация в кадре | E48: Территория | I48: K07156189_22_20251118T102546Z.jpg | J48: C:\ВИДЕОНАБЛЮДЕНИЕ\5 Крыльцо общага\ | K48: 5 Крыльцо общага\K07156189_22_20251118T102546Z.jpg | L48: вт 18.11.2025 — 10:25:46 | M48: =HYPERLINK(склад2въезд1319[[#This Row],[RelativePath]]) -> 5 Крыльцо общага\K07156189_22_20251118T102546Z.jpg
A49: ср | B49: 45980 | C49: 0.47320602 | D49: Фиксация в кадре | E49: Территория | I49: K07156189_22_20251119T112125Z.jpg | J49: C:\ВИДЕОНАБЛЮДЕНИЕ\5 Крыльцо общага\ | K49: 5 Крыльцо общага\K07156189_22_20251119T112125Z.jpg | L49: ср 19.11.2025 — 11:21:25 | M49: =HYPERLINK(склад2въезд1319[[#This Row],[RelativePath]]) -> 5 Крыльцо общага\K07156189_22_20251119T112125Z.jpg
A50: чт | B50: 45981 | C50: 0.36521991 | D50: Фиксация в кадре | E50: Территория | I50: K07156189_22_20251120T084555Z.jpg | J50: C:\ВИДЕОНАБЛЮДЕНИЕ\5 Крыльцо общага\ | K50: 5 Крыльцо общага\K07156189_22_20251120T084555Z.jpg | L50: чт 20.11.2025 — 08:45:55 | M50: =HYPERLINK(склад2въезд1319[[#This Row],[RelativePath]]) -> 5 Крыльцо общага\K07156189_22_20251120T084555Z.jpg
A51: пт | B51: 45982 | C51: 0.72293981 | D51: Фиксация в кадре | E51: Территория | I51: K07156189_22_20251121T172102Z.jpg | J51: C:\ВИДЕОНАБЛЮДЕНИЕ\5 Крыльцо общага\ | K51: 5 Крыльцо общага\K07156189_22_20251121T172102Z.jpg | L51: пт 21.11.2025 — 17:21:02 | M51: =HYPERLINK(склад2въезд1319[[#This Row],[RelativePath]]) -> 5 Крыльцо общага\K07156189_22_20251121T172102Z.jpg
A52: сб | B52: 45983 | C52: 0.72091435 | D52: Фиксация в кадре | E52: Территория | I52: K07156189_22_20251122T171807Z.jpg | J52: C:\ВИДЕОНАБЛЮДЕНИЕ\5 Крыльцо общага\ | K52: 5 Крыльцо общага\K07156189_22_20251122T171807Z.jpg | L52: сб 22.11.2025 — 17:18:07 | M52: =HYPERLINK(склад2въезд1319[[#This Row],[RelativePath]]) -> 5 Крыльцо общага\K07156189_22_20251122T171807Z.jpg
A53: вс | B53: 45984 | C53: 0.42737269 | D53: Фиксация в кадре | E53: Территория | I53: K07156189_22_20251123T101525Z.jpg | J53: C:\ВИДЕОНАБЛЮДЕНИЕ\5 Крыльцо общага\ | K53: 5 Крыльцо общага\K07156189_22_20251123T101525Z.jpg | L53: вс 23.11.2025 — 10:15:25 | M53: =HYPERLINK(склад2въезд1319[[#This Row],[RelativePath]]) -> 5 Крыльцо общага\K07156189_22_20251123T101525Z.jpg
A54: пн | B54: 45985 | C54: 0.67232639 | D54: Фиксация в кадре | E54: Территория | I54: K07156189_22_20251124T160809Z.jpg | J54: C:\ВИДЕОНАБЛЮДЕНИЕ\5 Крыльцо общага\ | K54: 5 Крыльцо общага\K07156189_22_20251124T160809Z.jpg | L54: пн 24.11.2025 — 16:08:09 | M54: =HYPERLINK(склад2въезд1319[[#This Row],[RelativePath]]) -> 5 Крыльцо общага\K07156189_22_20251124T160809Z.jpg
A55: пн | B55: 45985 | C55: 0.69039352 | D55: Фиксация в кадре | E55: Территория | I55: K07156189_22_20251124T163410Z.jpg | J55: C:\ВИДЕОНАБЛЮДЕНИЕ\5 Крыльцо общага\ | K55: 5 Крыльцо общага\K07156189_22_20251124T163410Z.jpg | L55: пн 24.11.2025 — 16:34:10 | M55: =HYPERLINK(склад2въезд1319[[#This Row],[RelativePath]]) -> 5 Крыльцо общага\K07156189_22_20251124T163410Z.jpg
A56: вт | B56: 45986 | C56: 0.61163194 | D56: Фиксация в кадре | E56: Территория | I56: K07156189_22_20251125T144045Z.jpg | J56: C:\ВИДЕОНАБЛЮДЕНИЕ\5 Крыльцо общага\ | K56: 5 Крыльцо общага\K07156189_22_20251125T144045Z.jpg | L56: вт 25.11.2025 — 14:40:45 | M56: =HYPERLINK(склад2въезд1319[[#This Row],[RelativePath]]) -> 5 Крыльцо общага\K07156189_22_20251125T144045Z.jpg
A57: вт | B57: 45986 | C57: 0.71024306 | D57: Фиксация в кадре | E57: Территория | I57: K07156189_22_20251125T170245Z.jpg | J57: C:\ВИДЕОНАБЛЮДЕНИЕ\5 Крыльцо общага\ | K57: 5 Крыльцо общага\K07156189_22_20251125T170245Z.jpg | L57: вт 25.11.2025 — 17:02:45 | M57: =HYPERLINK(склад2въезд1319[[#This Row],[RelativePath]]) -> 5 Крыльцо общага\K07156189_22_20251125T170245Z.jpg
A58: ср | B58: 45987 | C58: 0.41302083 | D58: Фиксация в кадре | E58: Территория | I58: K07156189_22_20251126T095445Z.jpg | J58: C:\ВИДЕОНАБЛЮДЕНИЕ\5 Крыльцо общага\ | K58: 5 Крыльцо общага\K07156189_22_20251126T095445Z.jpg | L58: ср 26.11.2025 — 09:54:45 | M58: =HYPERLINK(склад2въезд1319[[#This Row],[RelativePath]]) -> 5 Крыльцо общага\K07156189_22_20251126T095445Z.jpg
... A61: сб | B61: 45990 | C61: 0.48421296 | D61: Фиксация в кадре | E61: Территория | I61: K07156189_22_20251129T113716Z.jpg | J61: C:\ВИДЕОНАБЛЮДЕНИЕ\5 Крыльцо общага\ | K61: 5 Крыльцо общага\K07156189_22_20251129T113716Z.jpg | L61: сб 29.11.2025 — 11:37:16 | M61: =HYPERLINK(склад2въезд1319[[#This Row],[RelativePath]]) -> 5 Крыльцо общага\K07156189_22_20251129T113716Z.jpg
A62: вс | B62: 45991 | C62: 0.69702546 | D62: без событий | I62: K07156189_22_20251130T164343Z.jpg | J62: C:\ВИДЕОНАБЛЮДЕНИЕ\5 Крыльцо общага\ | K62: 5 Крыльцо общага\K07156189_22_20251130T164343Z.jpg | L62: вс 30.11.2025 — 16:43:43 | M62: =HYPERLINK(склад2въезд1319[[#This Row],[RelativePath]]) -> 5 Крыльцо общага\K07156189_22_20251130T164343Z.jpg
A63: пн | B63: 45992 | C63: 0.49253472 | D63: Перемещение | E63: кран | F63: доски | H63: на площадке Кран | I63: K07156189_22_20251201T114915Z.jpg | J63: C:\ВИДЕОНАБЛЮДЕНИЕ\5 Крыльцо общага\ | K63: 5 Крыльцо общага\K07156189_22_20251201T114915Z.jpg | L63: пн 01.12.2025 — 11:49:15 | M63: =HYPERLINK(склад2въезд1319[[#This Row],[RelativePath]]) -> 5 Крыльцо общага\K07156189_22_20251201T114915Z.jpg
A64: пн | B64: 45992 | C64: 0.71767361 | D64: Фиксация в кадре | E64: Территория | I64: K07156189_22_20251201T171327Z.jpg | J64: C:\ВИДЕОНАБЛЮДЕНИЕ\5 Крыльцо общага\ | K64: 5 Крыльцо общага\K07156189_22_20251201T171327Z.jpg | L64: пн 01.12.2025 — 17:13:27 | M64: =HYPERLINK(склад2въезд1319[[#This Row],[RelativePath]]) -> 5 Крыльцо общага\K07156189_22_20251201T171327Z.jpg
